"Name","Team","RA9-WAR","BIP-Wins","LOB-Wins","FDP-Wins","RAR","WAR","Dollars","playerid"
"Clayton Kershaw","Dodgers","8.8","2.5","-0.3","2.3","54.2","6.5","$32.5","2036"
"Max Scherzer","Tigers","6.2","1.8","-2.0","-0.2","56.0","6.4","$32.0","3137"
"Anibal Sanchez","Tigers","6.0","-0.4","0.1","-0.3","53.8","6.2","$31.2","3284"
"Adam Wainwright","Cardinals","5.4","-0.8","0.0","-0.8","52.1","6.2","$31.0","2233"
"Matt Harvey","Mets","6.0","0.6","-0.7","-0.1","49.3","6.1","$30.4","11713"
"Felix Hernandez","Mariners","5.1","-0.7","-0.2","-0.9","52.8","6.0","$30.1","4772"
"Justin Verlander","Tigers","4.0","-0.9","-0.3","-1.2","47.1","5.2","$26.1","8700"
"Cliff Lee","Phillies","5.3","0.3","-0.1","0.2","43.7","5.1","$25.6","1636"
"Chris Sale","White Sox","5.4","0.4","-0.2","0.2","45.9","5.1","$25.6","10603"
"Yu Darvish","Rangers","6.7","1.3","0.5","1.7","45.0","5.0","$25.0","13074"
"Derek Holland","Rangers","4.5","-0.4","0.1","-0.3","43.3","4.8","$23.9","4141"
"Doug Fister","Tigers","3.7","-1.8","0.9","-0.8","41.4","4.6","$22.8","9425"
"James Shields","Royals","6.0","0.0","1.5","1.5","41.5","4.5","$22.6","7059"
"Mat Latos","Reds","3.9","-0.3","-0.1","-0.5","38.2","4.4","$22.1","3815"
"David Price","Rays","3.1","0.0","-1.3","-1.3","39.2","4.4","$21.8","3184"
"Jon Lester","Red Sox","3.9","-0.1","-0.3","-0.4","39.2","4.3","$21.4","4930"
"Jhoulys Chacin","Rockies","4.2","0.2","-0.3","0.0","36.7","4.3","$21.3","2608"
"Hisashi Iwakuma","Mariners","6.8","2.5","0.1","2.6","39.1","4.2","$21.2","13048"
"Jose Fernandez","Marlins","5.7","2.0","-0.5","1.5","35.6","4.2","$20.8","11530"
"Cole Hamels","Phillies","3.1","-0.2","-0.9","-1.1","36.3","4.2","$20.8","4972"
"A.J. Burnett","Pirates","2.7","-0.6","-0.7","-1.3","34.5","4.0","$19.9","512"
"Bartolo Colon","Athletics","5.7","0.2","1.5","1.8","35.7","3.9","$19.5","375"
"Hiroki Kuroda","Yankees","4.6","0.8","0.0","0.8","35.2","3.8","$19.1","3283"
"Homer Bailey","Reds","3.5","0.4","-0.6","-0.2","32.6","3.7","$18.5","8362"
"Jose Quintana","White Sox","4.1","0.7","-0.3","0.4","34.3","3.7","$18.5","11423"
"Madison Bumgarner","Giants","4.4","2.0","-1.3","0.7","32.1","3.7","$18.3","5524"
"Patrick Corbin","Diamondbacks","4.2","0.5","0.1","0.5","32.1","3.7","$18.3","9323"
"Jordan Zimmermann","Nationals","4.1","1.2","-0.7","0.5","31.4","3.6","$17.8","4505"
"Mike Minor","Braves","3.7","1.0","-0.8","0.3","30.1","3.4","$17.1","10021"
"Justin Masterson","Indians","3.8","0.6","-0.1","0.5","31.3","3.4","$16.8","2038"
"C.J. Wilson","Angels","3.1","-0.1","-0.2","-0.2","31.0","3.3","$16.6","3580"
"Koji Uehara","Red Sox","3.8","1.2","-0.7","0.5","30.7","3.3","$16.5","9227"
"Lance Lynn","Cardinals","1.8","-1.1","-0.4","-1.5","29.1","3.3","$16.4","2520"
"Andy Pettitte","Yankees","2.9","-0.5","0.1","-0.3","30.1","3.2","$16.2","840"
"Ubaldo Jimenez","Indians","3.2","-0.2","0.2","0.0","30.0","3.2","$16.1","3374"
"Stephen Strasburg","Nationals","3.3","1.2","-1.1","0.1","28.3","3.2","$16.1","10131"
"Rick Porcello","Tigers","2.2","-0.7","-0.3","-1.0","29.8","3.2","$16.0","2717"
"Clay Buchholz","Red Sox","5.0","1.1","0.7","1.8","27.9","3.2","$15.9","3543"
"John Lackey","Red Sox","3.8","0.8","-0.1","0.6","29.6","3.2","$15.9","1507"
"Greg Holland","Royals","3.5","0.1","0.3","0.4","29.4","3.2","$15.8","7196"
"Francisco Liriano","Pirates","3.8","0.1","0.6","0.7","27.1","3.1","$15.5","3201"
"Hyun-Jin Ryu","Dodgers","4.0","-0.2","1.1","0.9","27.5","3.1","$15.5","14444"
"Gio Gonzalez","Nationals","3.2","0.3","-0.2","0.1","27.2","3.1","$15.3","7448"
"Ricky Nolasco","- - -","2.0","-0.3","-0.7","-1.0","27.1","3.0","$15.2","3830"
"Ervin Santana","Royals","4.5","1.6","-0.1","1.5","28.2","3.0","$14.9","3200"
"Jorge de la Rosa","Rockies","3.5","-0.4","1.1","0.6","25.8","2.9","$14.6","2047"
"Zack Greinke","Dodgers","4.8","0.8","1.1","1.9","25.3","2.9","$14.3","1943"
"Felix Doubront","Red Sox","1.8","-0.4","-0.6","-1.0","26.5","2.8","$14.2","1478"
"Travis Wood","Cubs","4.5","2.2","-0.5","1.7","24.9","2.8","$13.9","9884"
"Jeff Samardzija","Cubs","1.4","-1.0","-0.3","-1.4","25.0","2.8","$13.9","3254"
"Corey Kluber","Indians","1.8","-1.1","0.2","-0.9","25.1","2.7","$13.5","2429"
"CC Sabathia","Yankees","0.8","-0.5","-1.4","-1.9","25.5","2.7","$13.4","404"
"Bud Norris","- - -","1.6","-1.5","0.5","-1.0","25.1","2.7","$13.4","9492"
"Eric Stults","Padres","1.2","-0.5","-0.9","-1.5","23.7","2.6","$13.2","8011"
"Scott Kazmir","Indians","1.6","-1.0","0.0","-1.0","23.9","2.5","$12.7","4897"
"Mark Buehrle","Blue Jays","2.4","-0.3","0.2","-0.1","24.2","2.5","$12.7","225"
"Ivan Nova","Yankees","3.7","-0.5","1.6","1.1","23.4","2.5","$12.7","1994"
"Kris Medlen","Braves","3.4","-0.3","1.2","0.9","22.4","2.5","$12.6","9417"
"Mark Melancon","Pirates","2.6","-0.1","0.2","0.1","21.9","2.5","$12.4","4264"
"Joe Nathan","Rangers","3.5","0.8","0.2","1.0","23.1","2.5","$12.3","1122"
"Alex Cobb","Rays","4.0","0.7","1.0","1.6","22.5","2.4","$12.1","6562"
"Jake Peavy","- - -","2.0","1.0","-1.5","-0.5","22.5","2.4","$12.1","1051"
"Jered Weaver","Angels","3.3","1.2","-0.3","0.9","22.6","2.4","$12.1","4235"
"Julio Teheran","Braves","3.6","0.2","1.0","1.2","21.6","2.4","$12.0","6797"
"Gerrit Cole","Pirates","2.3","-0.5","0.4","0.0","20.4","2.3","$11.7","13125"
"Matt Garza","- - -","2.2","0.3","-0.3","0.0","20.6","2.2","$11.2","3340"
"Andrew Cashner","Padres","2.7","1.1","-0.6","0.5","19.8","2.2","$11.1","8782"
"Craig Kimbrel","Braves","3.2","0.3","0.7","1.0","19.6","2.2","$11.1","6655"
"Kenley Jansen","Dodgers","2.8","0.2","0.4","0.6","19.5","2.2","$11.0","3096"
"Trevor Rosenthal","Cardinals","1.2","-0.8","-0.2","-1.0","19.4","2.2","$10.9","10745"
"Juan Nicasio","Rockies","0.3","-0.4","-1.4","-1.8","19.3","2.2","$10.8","7731"
"Mike Pelfrey","Twins","-0.1","-1.6","-0.6","-2.2","20.1","2.1","$10.7","5203"
"Scott Feldman","- - -","2.1","1.6","-1.6","0.0","19.8","2.1","$10.6","6283"
"Shelby Miller","Cardinals","3.2","0.5","0.6","1.1","18.8","2.1","$10.4","10197"
"Nate Jones","White Sox","0.1","-0.6","-1.4","-2.0","19.2","2.0","$10.2","4696"
"Edwin Jackson","Cubs","-0.8","-1.3","-1.6","-2.9","18.5","2.0","$10.2","1841"
"Wei-Yin Chen","Orioles","2.2","-0.2","0.4","0.2","19.2","2.0","$10.2","13071"
"Chris Tillman","Orioles","4.1","1.3","0.7","2.1","19.3","2.0","$10.0","5279"
"Tyler Chatwood","Rockies","2.6","-0.6","1.2","0.6","17.4","2.0","$9.9","4338"
"Wade Miley","Diamondbacks","3.0","-0.2","1.2","1.1","18.0","2.0","$9.9","8779"
"R.A. Dickey","Blue Jays","2.4","1.7","-1.3","0.4","19.1","2.0","$9.9","1245"
"Danny Farquhar","Mariners","-0.1","-0.5","-1.6","-2.1","18.1","1.9","$9.7","8501"
"Drew Smyly","Tigers","2.2","0.0","0.2","0.2","17.9","1.9","$9.6","11760"
"Henderson Alvarez","Marlins","1.6","0.6","-0.9","-0.3","16.7","1.9","$9.6","5669"
"Jesse Crain","White Sox","2.0","-0.3","0.4","0.1","17.7","1.9","$9.5","4817"
"Dan Straily","Athletics","1.5","1.2","-1.5","-0.4","17.8","1.9","$9.4","9460"
"Kyle Lohse","Brewers","3.7","0.9","1.0","1.8","16.8","1.8","$9.2","739"
"Neal Cotts","Rangers","2.6","0.5","0.3","0.8","16.9","1.8","$9.1","1797"
"Brandon McCarthy","Diamondbacks","0.7","-1.0","0.0","-1.1","16.2","1.8","$9.1","4662"
"Matt Moore","Rays","3.0","1.4","-0.1","1.3","16.9","1.8","$8.8","1890"
"Tim Hudson","Braves","1.3","0.4","-0.8","-0.4","15.6","1.7","$8.7","921"
"Miguel Gonzalez","Orioles","2.4","1.5","-0.9","0.7","16.7","1.7","$8.7","7024"
"Wade Davis","Royals","-0.5","-2.0","-0.2","-2.2","16.4","1.7","$8.6","7441"
"Yovani Gallardo","Brewers","1.0","-0.3","-0.4","-0.7","15.7","1.7","$8.6","8173"
"Glen Perkins","Twins","2.2","0.2","0.2","0.5","15.9","1.7","$8.5","8041"
"Kyle Kendrick","Phillies","-0.2","-0.7","-1.2","-1.9","15.3","1.7","$8.3","6230"
"Addison Reed","White Sox","0.8","0.5","-1.3","-0.8","15.5","1.7","$8.3","10586"
"Sean Doolittle","Athletics","1.3","0.5","-0.8","-0.4","15.4","1.6","$8.2","1581"
"Mike Leake","Reds","3.2","0.4","1.2","1.6","14.9","1.6","$8.1","10130"
"David Robertson","Yankees","2.5","0.1","0.8","0.8","15.2","1.6","$8.1","8241"
"Martin Perez","Rangers","2.3","0.2","0.6","0.7","15.2","1.6","$8.0","6902"
"Aroldis Chapman","Reds","1.9","0.1","0.2","0.3","14.2","1.6","$8.0","10233"
"Tim Lincecum","Giants","0.2","-0.3","-1.1","-1.4","14.6","1.6","$7.9","5705"
"Tyson Ross","Padres","1.4","0.3","-0.5","-0.2","13.8","1.6","$7.9","7872"
"Alex Wood","Braves","1.1","-0.8","0.4","-0.4","13.8","1.6","$7.9","13781"
"Jon Niese","Mets","0.9","-1.3","0.6","-0.7","14.2","1.6","$7.9","4424"
"Joaquin Benoit","Tigers","2.6","0.5","0.6","1.0","14.8","1.6","$7.9","1437"
"Ryan Cook","Athletics","1.5","-0.2","0.2","0.0","14.7","1.6","$7.8","8855"
"Marco Estrada","Brewers","1.7","0.9","-0.7","0.1","14.0","1.6","$7.8","1118"
"Sonny Gray","Athletics","1.5","0.3","-0.3","0.0","13.9","1.5","$7.7","12768"
"Garrett Richards","Angels","0.6","-0.2","-0.7","-0.9","14.5","1.5","$7.7","9784"
"Jason Vargas","Angels","1.9","-0.5","0.8","0.4","14.7","1.5","$7.7","8044"
"Mariano Rivera","Yankees","2.5","0.2","0.8","1.0","14.3","1.5","$7.6","844"
"Jason Grilli","Pirates","1.1","-0.4","-0.1","-0.4","13.4","1.5","$7.5","521"
"Hector Santiago","White Sox","2.1","0.3","0.4","0.6","14.4","1.5","$7.5","4026"
"Zach McAllister","Indians","1.3","0.1","-0.3","-0.2","14.3","1.5","$7.5","2895"
"Nathan Eovaldi","Marlins","1.7","0.2","0.0","0.2","13.2","1.5","$7.4","9132"
"Dan Haren","Nationals","0.3","-0.4","-0.8","-1.2","13.4","1.5","$7.3","1757"
"Bruce Chen","Royals","2.5","1.2","-0.1","1.1","13.4","1.4","$7.2","769"
"A.J. Griffin","Athletics","2.6","2.6","-1.4","1.2","13.9","1.4","$7.1","11132"
"Jeremy Hellickson","Rays","-0.4","-0.4","-1.4","-1.8","13.7","1.4","$7.1","4371"
"Steve Cishek","Marlins","1.9","0.2","0.3","0.5","12.6","1.4","$7.0","6483"
"Tanner Roark","Nationals","2.0","0.7","0.0","0.7","11.7","1.4","$6.8","8753"
"Matt Belisle","Rockies","0.2","-0.5","-0.6","-1.1","12.1","1.4","$6.8","1837"
"Steve Delabar","Blue Jays","0.6","-0.5","-0.2","-0.7","12.8","1.4","$6.8","11827"
"Erik Bedard","Astros","0.6","-0.3","-0.5","-0.8","12.9","1.4","$6.8","126"
"Brandon Kintzler","Brewers","1.2","0.2","-0.3","-0.1","12.0","1.3","$6.7","9939"
"Matt Cain","Giants","1.3","1.5","-1.6","-0.1","12.4","1.3","$6.7","4732"
"Kevin Correia","Twins","2.2","-0.7","1.6","0.8","13.1","1.3","$6.7","1767"
"Alex Torres","Rays","1.9","0.9","-0.3","0.5","12.5","1.3","$6.7","7038"
"Charlie Morton","Pirates","1.3","-0.4","0.3","-0.1","12.0","1.3","$6.7","4676"
"Phil Hughes","Yankees","0.0","-0.9","-0.4","-1.3","12.8","1.3","$6.7","7450"
"Tony Cingrani","Reds","2.3","1.1","-0.1","1.0","11.9","1.3","$6.6","12555"
"Casey Janssen","Blue Jays","1.5","0.4","-0.3","0.2","12.3","1.3","$6.5","7355"
"Jarrod Parker","Athletics","2.3","1.9","-0.8","1.1","12.6","1.3","$6.4","4913"
"Fernando Rodney","Rays","0.7","-0.1","-0.5","-0.6","12.1","1.3","$6.4","494"
"Ryan Dempster","Red Sox","0.9","0.1","-0.4","-0.4","12.2","1.3","$6.3","517"
"Brett Oberholtzer","Astros","1.8","0.8","-0.2","0.6","11.3","1.3","$6.3","3855"
"Tommy Milone","Athletics","0.8","0.5","-1.0","-0.5","11.9","1.2","$6.1","7608"
"Adam Ottavino","Rockies","1.5","-0.3","0.6","0.3","10.9","1.2","$6.1","1247"
"Luke Hochevar","Royals","2.3","1.0","0.1","1.0","11.4","1.2","$6.0","6943"
"Dillon Gee","Mets","2.4","-0.2","1.4","1.2","11.1","1.2","$6.0","7396"
"Chris Archer","Rays","2.7","1.4","0.1","1.5","11.5","1.2","$6.0","6345"
"Bobby Parnell","Mets","0.9","0.3","-0.6","-0.3","10.5","1.2","$5.9","9926"
"Nick Tepesch","Rangers","0.5","-0.2","-0.4","-0.6","11.1","1.2","$5.9","11716"
"Alexi Ogando","Rangers","2.7","1.0","0.5","1.5","11.2","1.2","$5.8","10261"
"Shaun Marcum","Mets","-0.6","-0.6","-1.1","-1.7","10.1","1.2","$5.8","6204"
"Danny Salazar","Indians","1.3","0.0","0.2","0.2","10.6","1.2","$5.8","5867"
"J.A. Happ","Blue Jays","0.4","0.2","-1.0","-0.8","11.0","1.2","$5.8","7410"
"Charlie Furbush","Mariners","-0.1","0.4","-1.6","-1.2","10.8","1.1","$5.7","1370"
"Tyler Thornburg","Brewers","2.0","0.3","0.5","0.9","9.7","1.1","$5.7","10688"
"Michael Wacha","Cardinals","1.6","0.3","0.2","0.4","9.9","1.1","$5.6","14078"
"Junichi Tazawa","Red Sox","1.3","-0.4","0.6","0.1","10.6","1.1","$5.6","4079"
"David Phelps","Yankees","0.1","-0.5","-0.6","-1.0","10.5","1.1","$5.6","6316"
"Sergio Romo","Giants","1.1","0.2","-0.2","0.0","9.8","1.1","$5.5","9817"
"Chad Gaudin","Giants","1.5","0.3","0.1","0.4","9.8","1.1","$5.5","1783"
"Samuel Deduno","Twins","1.7","0.2","0.4","0.6","10.5","1.1","$5.5","5285"
"Dane de la Rosa","Angels","1.2","0.3","-0.2","0.1","10.1","1.1","$5.3","10095"
"Nick Vincent","Padres","1.2","0.2","0.0","0.1","9.5","1.1","$5.3","7555"
"Robbie Ross","Rangers","1.4","-0.5","0.8","0.3","10.1","1.1","$5.3","6819"
"Jeff Locke","Pirates","2.3","0.6","0.6","1.2","9.9","1.1","$5.3","2929"
"Rex Brothers","Rockies","2.4","0.1","1.2","1.4","9.5","1.1","$5.3","9794"
"Jeremy Guthrie","Royals","3.0","0.2","1.8","1.9","10.5","1.1","$5.3","2072"
"Carlos Villanueva","Cubs","1.3","0.3","0.0","0.2","9.5","1.0","$5.2","4138"
"Josh Collmenter","Diamondbacks","1.2","0.3","-0.1","0.1","9.3","1.0","$5.2","7312"
"Craig Stammen","Nationals","0.9","-0.7","0.6","-0.1","9.2","1.0","$5.1","7274"
"Dallas Keuchel","Astros","-0.8","-1.6","-0.2","-1.8","9.7","1.0","$5.1","9434"
"Chris Capuano","Dodgers","-0.1","-1.2","0.1","-1.1","9.3","1.0","$5.1","1701"
"Luke Gregerson","Padres","0.8","0.5","-0.8","-0.3","9.0","1.0","$5.1","4090"
"Brett Cecil","Blue Jays","1.1","0.3","-0.2","0.1","9.4","1.0","$5.0","2660"
"Matt Lindstrom","White Sox","1.0","-0.6","0.6","0.0","9.4","1.0","$5.0","4604"
"Cody Allen","Indians","1.4","-0.2","0.6","0.4","9.4","1.0","$5.0","12183"
"Brian Matusz","Orioles","0.6","0.0","-0.4","-0.4","9.4","1.0","$5.0","2646"
"Casey Fien","Twins","0.3","0.1","-0.8","-0.6","9.3","1.0","$4.9","3926"
"Jonathan Papelbon","Phillies","0.9","-0.1","0.0","-0.1","8.8","1.0","$4.9","5975"
"Wily Peralta","Brewers","-0.3","0.0","-1.3","-1.3","9.1","1.0","$4.9","7738"
"Bryan Shaw","Indians","0.6","0.4","-0.7","-0.4","9.0","0.9","$4.7","8110"
"Jean Machi","Giants","1.0","-0.1","0.3","0.1","8.4","0.9","$4.7","3220"
"David Carpenter","Braves","2.1","0.4","0.7","1.1","8.2","0.9","$4.6","3959"
"Jim Johnson","Orioles","1.5","-0.6","1.2","0.6","8.7","0.9","$4.6","3656"
"Trevor Cahill","Diamondbacks","1.7","0.1","0.6","0.8","8.5","0.9","$4.6","6249"
"Ross Detwiler","Nationals","0.3","-1.1","0.5","-0.6","8.1","0.9","$4.5","2859"
"Sergio Santos","Blue Jays","1.0","0.5","-0.4","0.1","8.4","0.9","$4.5","4734"
"Roy Oswalt","Rockies","-0.9","-1.1","-0.6","-1.8","7.3","0.9","$4.4","571"
"Anthony Swarzak","Twins","1.4","0.2","0.4","0.6","8.1","0.9","$4.3","7466"
"Jared Burton","Twins","0.5","0.0","-0.3","-0.4","8.1","0.9","$4.3","8346"
"Yusmeiro Petit","Giants","0.6","-0.3","0.0","-0.2","7.5","0.9","$4.3","4020"
"Andrew Albers","Twins","0.2","0.3","-1.0","-0.7","8.1","0.9","$4.3","7853"
"Will Harris","Diamondbacks","0.9","-0.4","0.5","0.1","7.6","0.9","$4.3","3192"
"Mike Dunn","Marlins","1.4","0.3","0.3","0.6","7.6","0.8","$4.2","9948"
"Tanner Scheppers","Rangers","2.4","0.6","0.9","1.5","7.9","0.8","$4.2","10267"
"Brian Duensing","Twins","0.3","-0.8","0.3","-0.5","7.9","0.8","$4.2","4064"
"Kevin Slowey","Marlins","0.6","-0.9","0.7","-0.2","7.3","0.8","$4.1","9918"
"LaTroy Hawkins","Mets","0.6","-0.2","0.0","-0.2","7.3","0.8","$4.1","729"
"Jordan Walden","Braves","0.3","0.0","-0.5","-0.5","7.3","0.8","$4.1","3271"
"Dan Otero","Athletics","1.2","-0.4","0.8","0.4","7.5","0.8","$4.0","7385"
"Justin Grimm","- - -","-0.8","-0.8","-0.8","-1.6","7.6","0.8","$4.0","11720"
"Jason Frasor","Rangers","1.3","0.4","0.1","0.5","7.6","0.8","$4.0","1906"
"Todd Redmond","Blue Jays","0.8","0.3","-0.3","0.0","7.5","0.8","$3.9","9943"
"Javier Lopez","Giants","1.1","0.3","0.0","0.3","6.9","0.8","$3.9","1663"
"Sam LeCure","Reds","1.4","-0.1","0.7","0.6","6.9","0.8","$3.8","4664"
"Oliver Perez","Mariners","0.4","-0.7","0.4","-0.3","7.2","0.8","$3.8","1514"
"Bronson Arroyo","Reds","2.7","1.3","0.6","2.0","7.2","0.8","$3.8","978"
"Aaron Loup","Blue Jays","1.3","-0.1","0.7","0.6","7.1","0.8","$3.8","10343"
"Ernesto Frieri","Angels","0.6","0.0","-0.1","-0.1","7.0","0.7","$3.7","5178"
"Darren O'Day","Orioles","2.0","0.6","0.7","1.3","7.0","0.7","$3.7","3321"
"Jesse Chavez","Athletics","0.1","0.1","-0.8","-0.7","6.9","0.7","$3.7","5448"
"Paco Rodriguez","Dodgers","1.4","0.9","-0.2","0.7","6.5","0.7","$3.6","13398"
"Tim Collins","Royals","0.1","-0.2","-0.4","-0.6","6.9","0.7","$3.6","3164"
"Jose Veras","- - -","1.2","0.7","-0.2","0.4","6.8","0.7","$3.6","2063"
"Jenrry Mejia","Mets","0.6","-0.3","0.2","-0.1","6.1","0.7","$3.6","8476"
"Louis Coleman","Royals","1.3","0.2","0.4","0.6","6.7","0.7","$3.6","9720"
"Kevin Siegrist","Cardinals","1.8","0.7","0.4","1.1","6.3","0.7","$3.6","8180"
"Tommy Hunter","Orioles","1.9","0.8","0.4","1.2","6.7","0.7","$3.5","1157"
"Josh Outman","Rockies","0.2","-0.6","0.0","-0.5","6.3","0.7","$3.5","4004"
"Brandon Workman","Red Sox","0.0","-0.4","-0.2","-0.7","6.0","0.7","$3.5","11428"
"Craig Breslow","Red Sox","1.7","0.5","0.5","1.0","6.5","0.7","$3.5","4363"
"Taylor Jordan","Nationals","0.2","-0.4","-0.1","-0.5","6.2","0.7","$3.4","10466"
"Wilton Lopez","Rockies","0.5","-0.7","0.5","-0.2","6.2","0.7","$3.4","4227"
"J.P. Howell","Dodgers","1.5","0.7","0.1","0.8","5.9","0.7","$3.3","8245"
"Jason Hammel","Orioles","0.4","-0.2","0.0","-0.2","6.4","0.7","$3.3","4538"
"Paul Maholm","Braves","0.2","-0.7","0.2","-0.4","6.1","0.7","$3.3","8678"
"Brandon Cumpton","Pirates","0.9","0.3","0.0","0.2","5.7","0.7","$3.3","11366"
"Jonathan Pettibone","Phillies","0.6","-0.6","0.5","0.0","6.0","0.6","$3.2","7106"
"A.J. Ramos","Marlins","0.6","0.4","-0.5","-0.1","5.7","0.6","$3.2","8350"
"Johnny Cueto","Reds","1.6","0.8","0.1","0.9","5.8","0.6","$3.2","6893"
"Brad Ziegler","Diamondbacks","2.1","0.6","0.9","1.5","5.7","0.6","$3.2","7293"
"Kelvin Herrera","Royals","0.3","0.1","-0.4","-0.3","5.9","0.6","$3.1","6033"
"Jake Diekman","Phillies","0.3","-0.2","-0.1","-0.3","5.5","0.6","$3.1","5003"
"Joe Saunders","Mariners","-0.7","-1.6","0.3","-1.3","6.0","0.6","$3.0","4366"
"Tom Koehler","Marlins","0.7","0.1","-0.1","0.1","5.6","0.6","$3.0","6570"
"Dan Jennings","Marlins","0.2","-0.4","0.0","-0.4","5.4","0.6","$3.0","8073"
"Tom Gorzelanny","Brewers","0.3","0.1","-0.4","-0.3","5.4","0.6","$3.0","6244"
"Blake Parker","Cubs","0.5","0.0","-0.1","-0.1","5.2","0.6","$2.9","5224"
"Ian Kennedy","- - -","-0.5","-0.1","-1.0","-1.1","5.4","0.6","$2.9","6986"
"Grant Balfour","Athletics","1.5","0.4","0.6","0.9","5.5","0.6","$2.9","718"
"Scott Downs","- - -","1.1","-0.5","1.0","0.5","5.4","0.6","$2.9","773"
"Jake McGee","Rays","0.2","0.1","-0.4","-0.3","5.5","0.6","$2.9","7550"
"Zack Wheeler","Mets","1.2","0.3","0.3","0.7","5.3","0.6","$2.8","10310"
"Antonio Bastardo","Phillies","1.0","0.0","0.4","0.4","5.1","0.6","$2.8","8844"
"Danny Duffy","Royals","1.1","0.1","0.4","0.5","5.2","0.6","$2.8","3542"
"J.J. Hoover","Reds","1.3","0.7","0.1","0.7","5.1","0.6","$2.8","9037"
"David Hale","Braves","0.6","-0.2","0.3","0.1","4.4","0.6","$2.8","9756"
"Joel Peralta","Rays","0.4","1.0","-1.1","-0.1","5.3","0.6","$2.8","2332"
"Jamey Wright","Rays","0.8","-0.1","0.3","0.2","4.9","0.5","$2.7","715"
"Pedro Strop","- - -","0.0","0.3","-0.9","-0.5","4.6","0.5","$2.7","4070"
"Taijuan Walker","Mariners","0.2","0.2","-0.5","-0.3","4.7","0.5","$2.7","11836"
"Josh Johnson","Blue Jays","-1.3","-1.1","-0.7","-1.8","5.2","0.5","$2.7","4567"
"Randy Choate","Cardinals","0.9","0.3","0.1","0.4","4.8","0.5","$2.7","813"
"Robbie Erlin","Padres","0.4","0.1","-0.3","-0.2","4.8","0.5","$2.7","10354"
"Gonzalez Germen","Mets","0.0","-0.2","-0.3","-0.5","4.7","0.5","$2.7","5876"
"Shawn Kelley","Yankees","-0.1","-0.2","-0.4","-0.6","5.0","0.5","$2.6","7773"
"Tony Watson","Pirates","1.7","1.1","0.0","1.2","4.7","0.5","$2.6","3132"
"Caleb Thielbar","Twins","1.1","1.1","-0.5","0.6","4.8","0.5","$2.5","10078"
"Will Smith","Royals","0.5","0.3","-0.3","0.0","4.7","0.5","$2.5","8048"
"Luis Avilan","Braves","2.2","1.4","0.3","1.7","4.5","0.5","$2.5","2882"
"Manny Parra","Reds","0.4","-0.2","0.2","-0.1","4.5","0.5","$2.5","4279"
"Jaime Garcia","Cardinals","0.4","-0.1","0.0","-0.1","4.6","0.5","$2.5","8137"
"Rafael Soriano","Nationals","1.0","0.1","0.4","0.5","4.4","0.5","$2.5","1100"
"Rafael Betancourt","Rockies","0.0","0.0","-0.5","-0.5","4.4","0.5","$2.5","177"
"James Paxton","Mariners","1.1","0.5","0.1","0.6","4.5","0.5","$2.4","11828"
"Jeff Francis","Rockies","-0.8","-0.8","-0.5","-1.3","4.4","0.5","$2.4","4684"
"Chad Qualls","Marlins","1.5","-0.1","1.1","1.0","4.2","0.5","$2.3","2170"
"Justin Wilson","Pirates","2.1","1.1","0.5","1.6","4.1","0.5","$2.3","4301"
"Jose Mijares","Giants","-0.3","-1.7","0.9","-0.8","4.0","0.4","$2.2","4140"
"T.J. McFarland","Orioles","0.2","-0.5","0.2","-0.3","4.0","0.4","$2.2","3237"
"Bruce Rondon","Tigers","0.4","-0.2","0.2","0.0","4.1","0.4","$2.2","5766"
"Kevin Gausman","Orioles","-0.2","-0.3","-0.3","-0.6","3.8","0.4","$2.1","14107"
"Andrew Miller","Red Sox","0.4","-0.2","0.2","0.0","4.0","0.4","$2.1","6785"
"Joe Smith","Indians","1.9","0.1","1.3","1.4","4.0","0.4","$2.1","3281"
"Yoervis Medina","Mariners","1.7","0.5","0.8","1.3","3.9","0.4","$2.1","10498"
"Joe Kelly","Cardinals","2.5","0.1","2.0","2.1","3.9","0.4","$2.1","9761"
"Jarred Cosart","Astros","2.3","0.8","1.1","1.9","4.0","0.4","$2.1","10304"
"Edinson Volquez","- - -","-2.4","-1.4","-1.4","-2.8","3.8","0.4","$2.0","3990"
"Matt Reynolds","Diamondbacks","0.7","0.0","0.3","0.3","3.6","0.4","$2.0","8887"
"Stephen Pryor","Mariners","0.7","0.2","0.1","0.3","3.7","0.4","$2.0","10663"
"Jon Garland","Rockies","-0.1","-0.5","-0.1","-0.5","3.7","0.4","$2.0","232"
"Ryan Webb","Marlins","0.9","0.5","0.0","0.5","3.5","0.4","$2.0","7474"
"Jordan Lyles","Astros","-1.4","-0.5","-1.2","-1.8","3.7","0.4","$2.0","7593"
"B.J. Rosenberg","Phillies","-0.1","-0.3","-0.2","-0.5","3.4","0.4","$1.9","7183"
"Vin Mazzaro","Pirates","1.2","0.2","0.7","0.8","3.4","0.4","$1.9","5231"
"Tyler Lyons","Cardinals","0.0","0.1","-0.5","-0.4","3.4","0.4","$1.9","11334"
"Tyler Clippard","Nationals","1.8","1.7","-0.3","1.4","3.4","0.4","$1.9","5640"
"Drake Britton","Red Sox","0.2","-0.2","0.1","-0.2","3.5","0.4","$1.9","2868"
"Luis Mendoza","Royals","-0.3","-0.3","-0.4","-0.7","3.5","0.4","$1.8","3126"
"Robert Coello","Angels","0.1","-0.1","-0.1","-0.2","3.4","0.4","$1.8","1149"
"Brian Wilson","Dodgers","0.6","0.1","0.1","0.3","3.2","0.4","$1.8","6485"
"Tommy Hanson","Angels","-0.6","-0.4","-0.5","-0.9","3.5","0.4","$1.8","9129"
"Aaron Harang","- - -","-0.6","0.3","-1.3","-0.9","3.5","0.4","$1.8","1451"
"Esmil Rogers","Blue Jays","0.5","-0.2","0.4","0.1","3.5","0.4","$1.8","6317"
"Josh Lindblom","Rangers","0.0","-0.1","-0.3","-0.3","3.4","0.4","$1.8","7882"
"Jacob Turner","Marlins","1.1","0.2","0.6","0.8","3.2","0.3","$1.7","10185"
"John Danks","White Sox","0.5","0.5","-0.4","0.1","3.4","0.3","$1.7","6329"
"Jerry Blevins","Athletics","0.6","0.7","-0.4","0.3","3.2","0.3","$1.7","7841"
"Alex Wilson","Red Sox","-0.2","-0.6","0.1","-0.5","3.1","0.3","$1.7","9239"
"Ryan Pressly","Twins","0.1","0.2","-0.4","-0.3","3.1","0.3","$1.7","7005"
"Fernando Abad","Nationals","0.3","-0.4","0.3","0.0","2.9","0.3","$1.6","4994"
"Ross Ohlendorf","Nationals","1.0","0.4","0.3","0.6","3.0","0.3","$1.6","8268"
"Francisco Rodriguez","- - -","1.2","-0.1","0.9","0.8","2.9","0.3","$1.6","1642"
"Michael Roth","Angels","-0.5","-0.4","-0.4","-0.8","2.9","0.3","$1.6","13736"
"Tom Wilhelmsen","Mariners","0.2","0.5","-0.7","-0.1","3.0","0.3","$1.6","9975"
"John Lannan","Phillies","-0.6","-0.4","-0.5","-0.9","2.8","0.3","$1.5","7080"
"Kevin Jepsen","Angels","-0.4","-0.5","-0.2","-0.7","2.8","0.3","$1.5","6475"
"Rob Wooten","Brewers","0.1","-0.1","-0.1","-0.2","2.7","0.3","$1.5","8532"
"Sean Marshall","Reds","0.2","0.3","-0.3","-0.1","2.6","0.3","$1.5","5905"
"Darin Downs","Tigers","-0.2","-0.3","-0.2","-0.5","2.8","0.3","$1.5","5903"
"Al Alburquerque","Tigers","0.0","-0.2","-0.1","-0.3","2.8","0.3","$1.5","6324"
"Brett Anderson","Athletics","-0.7","-0.6","-0.4","-1.0","2.7","0.3","$1.4","8223"
"Jim Henderson","Brewers","1.5","0.3","0.9","1.2","2.5","0.3","$1.4","6653"
"Erik Davis","Nationals","0.1","-0.2","0.0","-0.2","2.4","0.3","$1.4","8422"
"Matt Albers","Indians","0.5","0.3","-0.1","0.2","2.5","0.3","$1.3","4300"
"Carlos Martinez","Cardinals","-0.3","-0.4","-0.2","-0.6","2.2","0.3","$1.3","11682"
"Jake Odorizzi","Rays","0.3","0.1","0.0","0.1","2.5","0.3","$1.3","6397"
"Scott Rice","Mets","0.1","0.0","-0.2","-0.2","2.4","0.3","$1.3","2743"
"Joe Ortiz","Rangers","-0.2","0.1","-0.6","-0.5","2.4","0.3","$1.3","7955"
"Boone Logan","Yankees","0.6","0.0","0.3","0.3","2.4","0.3","$1.3","5525"
"Burke Badenhop","Brewers","-0.3","0.0","-0.6","-0.6","2.3","0.3","$1.3","9736"
"Jeremy Hefner","Mets","-0.5","0.3","-1.0","-0.7","2.2","0.3","$1.3","1989"
"Jerome Williams","Angels","0.1","0.2","-0.4","-0.1","2.2","0.3","$1.3","1137"
"Daisuke Matsuzaka","Mets","0.0","0.3","-0.6","-0.3","2.3","0.3","$1.3","7775"
"Vidal Nuno","Yankees","0.7","0.4","0.1","0.5","2.2","0.2","$1.2","9674"
"Joakim Soria","Rangers","0.3","0.0","0.0","0.0","2.2","0.2","$1.2","6941"
"Roberto Hernandez","Rays","-0.1","-0.3","0.0","-0.4","2.3","0.2","$1.1","3273"
"Gavin Floyd","White Sox","0.0","-0.2","0.0","-0.2","2.2","0.2","$1.1","3886"
"Juan Perez","Blue Jays","-0.1","0.2","-0.5","-0.3","2.1","0.2","$1.1","2557"
"Chad Jenkins","Blue Jays","0.5","0.3","0.0","0.3","2.1","0.2","$1.1","10326"
"Bobby LaFromboise","Mariners","-0.2","-0.2","-0.2","-0.5","2.0","0.2","$1.1","7758"
"Anthony Varvaro","Braves","0.7","0.3","0.3","0.5","1.9","0.2","$1.1","2385"
"Buddy Boshers","Angels","-0.1","-0.1","-0.2","-0.3","1.9","0.2","$1.0","8490"
"Heath Hembree","Giants","0.3","0.0","0.1","0.1","1.8","0.2","$1.0","11632"
"Daniel Webb","White Sox","0.2","0.0","-0.1","0.0","1.9","0.2","$1.0","10558"
"Carlos Carrasco","Indians","-0.9","-0.8","-0.3","-1.1","1.8","0.2","$1.0","6632"
"Francisley Bueno","Royals","0.5","0.2","0.1","0.3","1.8","0.2","$1.0","5980"
"Lucas Luetge","Mariners","-0.3","-0.5","-0.1","-0.5","1.8","0.2","$1.0","8337"
"Brandon Beachy","Braves","-0.1","0.3","-0.5","-0.2","1.8","0.2","$0.9","8851"
"Joe Thatcher","- - -","0.5","-0.3","0.6","0.3","1.7","0.2","$0.9","4620"
"Juan Gutierrez","- - -","-0.3","-0.2","-0.2","-0.5","1.8","0.2","$0.9","3265"
"Kyuji Fujikawa","Cubs","-0.1","-0.1","-0.2","-0.3","1.7","0.2","$0.9","14443"
"Michael Tonkin","Twins","0.0","0.1","-0.3","-0.2","1.7","0.2","$0.9","10315"
"Wandy Rodriguez","Pirates","0.9","0.6","0.1","0.7","1.7","0.2","$0.9","2586"
"Chad Bettis","Rockies","-0.6","-0.4","-0.4","-0.8","1.7","0.2","$0.9","10587"
"Erasmo Ramirez","Mariners","-0.1","0.0","-0.2","-0.3","1.8","0.2","$0.9","10314"
"Drew Storen","Nationals","-0.7","-0.4","-0.4","-0.9","1.6","0.2","$0.9","6983"
"Jon Rauch","Marlins","-0.7","-0.5","-0.4","-0.8","1.6","0.2","$0.9","1475"
"Dustin McGowan","Blue Jays","0.2","0.3","-0.3","0.0","1.7","0.2","$0.9","8600"
"Donnie Veal","White Sox","-0.1","0.0","-0.2","-0.3","1.7","0.2","$0.9","4741"
"Matt Thornton","- - -","0.3","-0.3","0.4","0.1","1.6","0.2","$0.9","1918"
"Tyler Cloyd","Phillies","-1.1","-1.2","-0.1","-1.2","1.6","0.2","$0.8","8536"
"Preston Claiborne","Yankees","0.2","0.0","0.1","0.1","1.6","0.2","$0.8","10500"
"Jake Arrieta","- - -","0.4","0.9","-0.7","0.3","1.6","0.2","$0.8","4153"
"Stolmy Pimentel","Pirates","0.0","0.2","-0.3","-0.1","1.4","0.2","$0.8","6415"
"Neil Wagner","Blue Jays","0.3","-0.2","0.3","0.1","1.5","0.2","$0.8","8162"
"Marc Rzepczynski","- - -","0.3","-0.1","0.2","0.1","1.5","0.2","$0.8","6612"
"Matt Daley","Yankees","0.2","0.1","-0.1","0.1","1.4","0.2","$0.8","7952"
"Matt Shoemaker","Angels","0.4","0.2","0.1","0.2","1.4","0.2","$0.8","4776"
"Brandon Gomes","Rays","-0.6","-0.1","-0.7","-0.8","1.4","0.1","$0.7","2267"
"James McDonald","Pirates","-0.8","-0.2","-0.7","-0.9","1.4","0.1","$0.7","5523"
"Seth Maness","Cardinals","1.4","-0.4","1.6","1.2","1.3","0.1","$0.7","12235"
"Darren Oliver","Blue Jays","0.1","0.0","-0.1","0.0","1.3","0.1","$0.7","206"
"Cesar Ramos","Rays","0.1","0.0","-0.1","-0.1","1.3","0.1","$0.7","3357"
"Randall Delgado","Diamondbacks","0.9","0.7","0.0","0.7","1.2","0.1","$0.7","5985"
"Joe Martinez","Indians","0.1","0.1","-0.1","0.0","1.2","0.1","$0.6","3935"
"Jake Petricka","White Sox","0.3","-0.1","0.3","0.2","1.2","0.1","$0.6","10534"
"Jimmy Nelson","Brewers","0.4","0.4","-0.2","0.2","1.1","0.1","$0.6","10547"
"Kris Johnson","Pirates","-0.1","-0.2","-0.1","-0.3","1.0","0.1","$0.6","886"
"Adam Warren","Yankees","1.0","-0.3","1.2","0.8","1.1","0.1","$0.6","9029"
"Brad Peacock","Astros","-0.2","0.5","-0.8","-0.3","1.1","0.1","$0.6","5401"
"J.J. Putz","Diamondbacks","1.0","0.1","0.8","0.9","1.0","0.1","$0.6","1795"
"Jeanmar Gomez","Pirates","0.5","1.0","-0.6","0.4","1.0","0.1","$0.6","9033"
"Luis Perez","Blue Jays","0.0","0.0","-0.1","-0.2","1.1","0.1","$0.6","6389"
"Sam Freeman","Cardinals","0.3","0.2","-0.1","0.2","1.0","0.1","$0.6","6832"
"Sean O'Sullivan","Padres","0.2","-0.4","0.5","0.1","1.0","0.1","$0.6","9137"
"Michael Kirkman","Rangers","-0.7","-1.0","0.1","-0.8","1.0","0.1","$0.5","9877"
"Luke Putkonen","Tigers","0.3","-0.1","0.3","0.2","1.0","0.1","$0.5","6736"
"Neftali Feliz","Rangers","0.3","-0.1","0.2","0.2","1.0","0.1","$0.5","18"
"Mickey Storey","Blue Jays","-0.1","-0.2","0.0","-0.2","1.0","0.1","$0.5","4721"
"Frank Francisco","Mets","0.0","0.1","-0.2","-0.1","0.9","0.1","$0.5","1933"
"Chris Rusin","Cubs","0.8","0.3","0.4","0.7","0.9","0.1","$0.5","9895"
"Cesar Cabral","Yankees","0.1","-0.1","0.1","0.0","0.9","0.1","$0.5","6741"
"Donnie Joseph","Royals","0.3","0.0","0.2","0.2","0.9","0.1","$0.5","6491"
"Ryan Mattheus","Nationals","-0.9","-1.2","0.2","-1.0","0.9","0.1","$0.5","7169"
"Tyler Skaggs","Diamondbacks","-0.1","0.1","-0.2","-0.1","0.9","0.1","$0.5","10190"
"Zach Britton","Orioles","0.1","-0.4","0.4","0.0","0.9","0.1","$0.5","3240"
"Ross Wolf","Rangers","0.2","-0.4","0.4","0.1","0.8","0.1","$0.5","4534"
"Keith Butler","Cardinals","0.0","0.3","-0.4","-0.1","0.8","0.1","$0.5","10080"
"Rich Hill","Indians","-1.4","-0.6","-1.0","-1.5","0.9","0.1","$0.5","4806"
"Jair Jurrjens","Orioles","0.0","-0.1","0.0","-0.1","0.8","0.1","$0.4","5556"
"Vic Black","- - -","0.1","-0.1","0.1","0.0","0.8","0.1","$0.4","9195"
"Manny Corpas","Rockies","0.1","0.1","-0.1","0.0","0.7","0.1","$0.4","2807"
"Brad Hand","Marlins","0.3","0.5","-0.2","0.3","0.7","0.1","$0.4","9111"
"Charles Brewer","Diamondbacks","0.1","-0.2","0.2","0.0","0.7","0.1","$0.4","9155"
"Phil Coke","Tigers","-0.5","-0.3","-0.2","-0.6","0.7","0.1","$0.4","5535"
"Jeremy Jeffress","Blue Jays","0.4","0.0","0.3","0.3","0.7","0.1","$0.4","9490"
"Luis Ayala","- - -","0.4","-0.4","0.8","0.3","0.6","0.1","$0.4","1650"
"Franklin Morales","Red Sox","0.1","-0.1","0.1","0.0","0.6","0.1","$0.3","5088"
"Chris Withrow","Dodgers","0.7","0.6","0.1","0.7","0.6","0.1","$0.3","7161"
"Stephen Fife","Dodgers","0.4","-0.8","1.1","0.3","0.5","0.1","$0.3","8077"
"Mauricio Robles","Phillies","-0.1","-0.2","0.1","-0.1","0.5","0.1","$0.3","8895"
"Evan Reed","Tigers","-0.3","-0.3","-0.1","-0.3","0.6","0.1","$0.3","1349"
"Steven Wright","Red Sox","-0.1","0.0","-0.1","-0.2","0.5","0.1","$0.3","8185"
"Hector Noesi","Mariners","-0.4","-0.8","0.4","-0.5","0.5","0.1","$0.3","3292"
"John Gast","Cardinals","0.0","0.1","-0.2","-0.1","0.5","0.1","$0.3","11133"
"Phil Irwin","Pirates","-0.2","-0.1","-0.1","-0.3","0.5","0.1","$0.3","9489"
"Dellin Betances","Yankees","-0.2","-0.3","0.0","-0.3","0.5","0.1","$0.3","6216"
"Steven Ames","Marlins","0.0","-0.2","0.1","-0.1","0.4","0.0","$0.2","9615"
"David Martinez","Astros","-0.4","-0.2","-0.3","-0.5","0.4","0.0","$0.2","8893"
"Tim Stauffer","Padres","0.2","0.3","-0.1","0.1","0.4","0.0","$0.2","6432"
"P.J. Walters","Twins","-0.6","-0.4","-0.3","-0.6","0.4","0.0","$0.2","9557"
"Cody Eppley","Yankees","-0.3","-0.1","-0.2","-0.3","0.4","0.0","$0.2","9095"
"Jose Dominguez","Dodgers","0.1","-0.2","0.2","0.0","0.4","0.0","$0.2","11571"
"Wade LeBlanc","- - -","-0.8","-0.6","-0.2","-0.8","0.2","0.0","$0.2","5221"
"Wesley Wright","- - -","0.2","-0.3","0.5","0.2","0.4","0.0","$0.2","5960"
"Evan Scribner","Athletics","0.0","0.1","-0.2","-0.1","0.4","0.0","$0.2","7525"
"Xavier Cedeno","- - -","-0.4","-0.2","-0.2","-0.5","0.2","0.0","$0.2","36"
"Phillippe Aumont","Phillies","-0.2","-0.6","0.3","-0.2","0.3","0.0","$0.1","5362"
"Chris Dwyer","Royals","0.1","0.0","0.0","0.1","0.3","0.0","$0.1","10045"
"Steve Johnson","Orioles","-0.3","0.0","-0.3","-0.4","0.3","0.0","$0.1","4053"
"Matt Guerrier","- - -","-0.2","-0.2","0.0","-0.2","0.2","0.0","$0.1","2061"
"Arquimedes Caminero","Marlins","0.2","0.2","0.0","0.1","0.2","0.0","$0.1","8992"
"Octavio Dotel","Tigers","-0.6","-0.3","-0.3","-0.6","0.2","0.0","$0.1","555"
"Andrew Bailey","Red Sox","0.4","0.1","0.3","0.4","0.2","0.0","$0.1","1368"
"David Murphy","Rangers","0.0","0.0","0.0","0.0","0.2","0.0","$0.1","6035"
"Duke Welker","Pirates","0.0","0.1","-0.1","0.0","0.2","0.0","$0.1","792"
"Ryan Raburn","Indians","0.0","0.1","0.0","0.0","0.2","0.0","$0.1","2218"
"Chad Billingsley","Dodgers","0.3","0.0","0.3","0.3","0.2","0.0","$0.1","5842"
"John McDonald","Phillies","0.0","-0.1","0.1","0.0","0.1","0.0","$0.1","395"
"C.C. Lee","Indians","-0.1","0.0","-0.1","-0.1","0.1","0.0","$0.1","5177"
"Pedro Beato","Red Sox","0.0","0.0","0.0","0.0","0.1","0.0","$0.1","1330"
"Rob Johnson","Cardinals","0.0","0.0","0.0","0.0","0.1","0.0","$0.1","8029"
"David Huff","- - -","0.0","0.3","-0.4","-0.1","0.1","0.0","$0.1","4257"
"Alex Burnett","- - -","-0.1","-0.2","0.0","-0.2","0.1","0.0","$0.1","4065"
"Josh Zeid","Astros","0.2","0.0","0.2","0.2","0.1","0.0","$0.1","6527"
"Josh Tomlin","Indians","0.1","0.1","0.0","0.0","0.1","0.0","$0.0","9388"
"Everett Teaford","Royals","0.0","0.0","0.0","0.0","0.1","0.0","$0.0","3732"
"Cristhian Martinez","Braves","-0.1","-0.1","0.1","-0.1","0.1","0.0","$0.0","5337"
"Matt Harrison","Rangers","-0.3","-0.2","-0.1","-0.3","0.1","0.0","$0.0","5551"
"Heath Bell","Diamondbacks","0.2","-0.7","0.9","0.2","0.1","0.0","$0.0","2080"
"Jamey Carroll","Twins","0.0","0.1","-0.1","0.0","0.0","0.0","$0.0","1591"
"Jake Elmore","Astros","0.0","0.1","-0.1","0.0","0.0","0.0","$0.0","7290"
"Fernando Salas","Cardinals","-0.3","0.1","-0.4","-0.3","0.0","0.0","$0.0","4971"
"Alberto Gonzalez","Yankees","0.0","0.0","0.0","0.0","0.0","0.0","$0.0","4906"
"Troy Patton","Orioles","0.4","0.0","0.4","0.4","0.0","0.0","$0.0","8368"
"Sam Fuld","Rays","0.0","0.0","0.0","0.0","0.0","0.0","$0.0","8254"
"Josh Harrison","Pirates","0.0","0.0","0.0","0.0","0.0","0.0","$0.0","8202"
"Michael Stutes","Phillies","-0.3","0.3","-0.6","-0.3","0.0","0.0","$0.0","6550"
"Shawn Tolleson","Dodgers","0.0","0.0","0.0","0.0","0.0","0.0","$0.0","10481"
"Ronald Belisario","Dodgers","-0.6","-0.6","0.0","-0.6","0.0","0.0","$0.0","2203"
"Yunesky Maya","Nationals","0.0","0.0","0.0","0.0","0.0","0.0","$0.0","11420"
"Logan Kensing","Rockies","0.0","0.0","0.0","0.0","0.0","0.0","$0.0","6166"
"Duane Below","Marlins","-0.2","-0.2","0.1","-0.2","0.0","0.0","$0.0","3124"
"Sandy Rosario","Giants","0.3","0.2","0.2","0.4","-0.1","0.0","$0.0","1525"
"Chris Narveson","Brewers","0.1","0.1","0.0","0.1","-0.1","0.0","($0.1)","2141"
"Zach Duke","- - -","-0.5","-0.3","-0.2","-0.5","-0.2","0.0","($0.1)","3840"
"Simon Castro","White Sox","0.1","0.1","0.1","0.1","-0.1","0.0","($0.1)","9243"
"Wilmer Font","Rangers","0.0","0.0","0.0","0.0","-0.1","0.0","($0.1)","5257"
"Zach Clark","Orioles","-0.1","-0.1","0.0","-0.1","-0.1","0.0","($0.1)","9189"
"Ryan Brasier","Angels","0.1","0.1","0.1","0.2","-0.2","0.0","($0.1)","5615"
"James Russell","Cubs","0.6","0.4","0.2","0.6","-0.1","0.0","($0.1)","4089"
"Rafael Dolis","Cubs","0.0","0.2","-0.2","0.0","-0.1","0.0","($0.1)","4185"
"Clay Rapada","Indians","0.1","0.1","0.0","0.1","-0.2","0.0","($0.1)","4831"
"Zach Putnam","Cubs","-0.3","-0.3","0.0","-0.3","-0.2","0.0","($0.1)","9080"
"Jeff Beliveau","Rays","0.0","0.0","0.1","0.0","-0.2","0.0","($0.1)","8504"
"Kevin Chapman","Astros","0.7","0.4","0.3","0.7","-0.2","0.0","($0.1)","11240"
"Daniel Bard","Red Sox","0.0","0.0","0.0","0.0","-0.2","0.0","($0.1)","7115"
"Chris Bootcheck","Yankees","0.0","-0.1","0.1","0.0","-0.2","0.0","($0.1)","1842"
"Alex Colome","Rays","0.1","0.2","0.0","0.1","-0.2","0.0","($0.1)","6661"
"Joe Paterson","Diamondbacks","0.0","0.0","0.0","0.0","-0.2","0.0","($0.1)","2565"
"Yordano Ventura","Royals","0.3","0.2","0.1","0.4","-0.2","0.0","($0.1)","11855"
"Miles Mikolas","Padres","0.0","0.1","0.0","0.1","-0.2","0.0","($0.1)","9803"
"Enny Romero","Rays","0.3","0.3","0.1","0.4","-0.3","0.0","($0.1)","4001"
"Jose Cisnero","Astros","-0.1","-0.5","0.4","-0.1","-0.3","0.0","($0.1)","6399"
"Joe Savery","Phillies","-0.1","0.3","-0.4","-0.1","-0.2","0.0","($0.1)","2835"
"Alberto Cabrera","Cubs","0.0","-0.1","0.1","0.0","-0.3","0.0","($0.1)","8352"
"David Holmberg","Diamondbacks","-0.1","-0.1","0.0","-0.1","-0.3","0.0","($0.1)","7725"
"Brandon Maurer","Mariners","-1.3","-1.1","-0.2","-1.3","-0.3","0.0","($0.2)","4878"
"Preston Guilmet","Indians","-0.4","-0.1","-0.2","-0.3","-0.3","0.0","($0.2)","7303"
"Brian Omogrosso","White Sox","-0.8","-0.7","-0.1","-0.8","-0.3","0.0","($0.2)","1353"
"Justin Germano","Blue Jays","0.0","-0.2","0.1","0.0","-0.4","0.0","($0.2)","1938"
"Ryan Reid","Pirates","0.2","0.2","0.1","0.3","-0.3","0.0","($0.2)","9385"
"Blake Wood","Indians","0.0","0.0","0.1","0.1","-0.4","0.0","($0.2)","1345"
"Skip Schumaker","Dodgers","0.1","-0.1","0.2","0.1","-0.4","0.0","($0.2)","3704"
"Greg Burke","Mets","-1.5","-0.7","-0.7","-1.4","-0.4","0.0","($0.2)","6282"
"Kyle Gibson","Twins","-0.7","-0.7","0.0","-0.6","-0.4","0.0","($0.2)","10123"
"Justin De Fratus","Phillies","0.1","-0.3","0.4","0.1","-0.4","0.0","($0.2)","4955"
"Edward Mujica","Cardinals","1.4","0.5","1.0","1.5","-0.4","0.0","($0.2)","3970"
"Chris Volstad","Rockies","-0.4","-0.5","0.1","-0.3","-0.4","0.0","($0.2)","9901"
"Josh Lueke","Rays","-0.2","-0.3","0.1","-0.2","-0.4","0.0","($0.2)","5722"
"Josh Stinson","Orioles","0.3","0.5","-0.2","0.3","-1.5","0.0","($0.2)","3219"
"Cesar Jimenez","Phillies","0.1","0.2","-0.1","0.1","-0.5","-0.1","($0.3)","3762"
"Sean Burnett","Angels","0.6","0.0","0.6","0.6","-0.5","-0.1","($0.3)","1886"
"Javy Guerra","Dodgers","-0.4","-0.3","0.0","-0.3","-0.5","-0.1","($0.3)","7407"
"Logan Ondrusek","Reds","0.0","0.0","0.0","0.0","-0.5","-0.1","($0.3)","3677"
"Chris Hatcher","Marlins","-0.8","-0.2","-0.5","-0.7","-0.5","-0.1","($0.3)","3299"
"Cory Burns","Rangers","0.1","0.1","0.1","0.2","-0.5","-0.1","($0.3)","6620"
"David Purcey","White Sox","0.5","0.2","0.3","0.6","-0.5","-0.1","($0.3)","8360"
"Eric O'Flaherty","Braves","0.4","0.4","0.1","0.5","-0.6","-0.1","($0.3)","5746"
"Kevin Gregg","Cubs","0.6","0.3","0.4","0.7","-0.6","-0.1","($0.3)","1793"
"Erik Johnson","White Sox","0.1","0.1","0.1","0.2","-0.7","-0.1","($0.3)","12520"
"Justin Freeman","Reds","-0.1","0.0","0.0","0.0","-0.7","-0.1","($0.3)","7568"
"Zach Phillips","Marlins","0.0","-0.1","0.1","0.0","-0.7","-0.1","($0.4)","99"
"Brandon Morrow","Blue Jays","-0.5","0.0","-0.4","-0.4","-0.7","-0.1","($0.4)","9346"
"Josh Roenicke","Twins","0.0","0.0","0.1","0.1","-0.7","-0.1","($0.4)","3241"
"Zac Rosscup","Cubs","0.2","0.2","0.0","0.2","-0.7","-0.1","($0.4)","9419"
"Jose Alvarez","Tigers","-0.4","-0.1","-0.3","-0.4","-0.8","-0.1","($0.4)","5358"
"Michael Bowden","Cubs","0.0","0.3","-0.3","0.1","-0.7","-0.1","($0.4)","4440"
"Jairo Asencio","Orioles","-0.1","0.0","0.1","0.0","-0.8","-0.1","($0.4)","3332"
"Chang-Yong Lim","Cubs","0.0","-0.2","0.2","0.0","-0.7","-0.1","($0.4)","14445"
"Kyle Farnsworth","- - -","-0.2","-0.3","0.2","-0.1","-0.8","-0.1","($0.4)","278"
"Raul Valdes","Phillies","-0.8","-0.4","-0.3","-0.8","-0.9","-0.1","($0.4)","1953"
"Aaron Crow","Royals","0.8","-0.3","1.2","0.9","-0.8","-0.1","($0.4)","10149"
"Aaron Laffey","- - -","-0.3","-0.4","0.2","-0.2","-1.0","-0.1","($0.4)","6248"
"Anthony Recker","Mets","-0.1","0.1","-0.1","0.0","-0.9","-0.1","($0.4)","4063"
"Jim Miller","Yankees","-0.1","0.0","0.0","0.0","-0.9","-0.1","($0.4)","7458"
"Scott Atchison","Mets","-0.8","0.2","-1.0","-0.7","-0.8","-0.1","($0.4)","2642"
"Chia-Jen Lo","Astros","0.1","0.3","-0.1","0.2","-0.9","-0.1","($0.5)","5440"
"Matt Langwell","- - -","-0.1","0.1","0.0","0.0","-0.8","-0.1","($0.5)","8130"
"Chaz Roe","Diamondbacks","0.1","0.1","0.1","0.2","-0.8","-0.1","($0.5)","9866"
"Jose De La Torre","Red Sox","-0.1","-0.1","0.0","0.0","-0.9","-0.1","($0.5)","787"
"Eduardo Sanchez","Cubs","-0.1","0.1","-0.1","0.0","-0.9","-0.1","($0.5)","2966"
"Josh Beckett","Dodgers","-0.7","-0.3","-0.3","-0.6","-0.9","-0.1","($0.5)","510"
"Chien-Ming Wang","Blue Jays","-0.7","-0.5","-0.1","-0.6","-1.0","-0.1","($0.5)","2074"
"Rhiner Cruz","Astros","0.1","-0.1","0.4","0.2","-1.0","-0.1","($0.5)","711"
"Collin McHugh","- - -","-1.0","-0.6","-0.3","-0.9","-1.0","-0.1","($0.5)","7531"
"Kyle Drabek","Blue Jays","-0.1","-0.1","0.1","0.0","-1.0","-0.1","($0.5)","4359"
"Victor Marte","Cardinals","-0.1","-0.1","0.1","0.0","-0.9","-0.1","($0.5)","5158"
"Clayton Mortensen","Red Sox","-0.3","0.0","-0.2","-0.2","-1.0","-0.1","($0.5)","3166"
"Pedro Feliciano","Mets","0.0","0.0","0.1","0.1","-0.9","-0.1","($0.5)","1601"
"Jeff Manship","Rockies","-0.5","-0.1","-0.3","-0.4","-1.0","-0.1","($0.5)","6865"
"Santiago Casilla","Giants","1.3","0.4","1.0","1.4","-1.0","-0.1","($0.5)","2873"
"Rubby de la Rosa","Red Sox","-0.1","-0.1","0.1","0.0","-1.1","-0.1","($0.6)","3862"
"Nick Christiani","Reds","0.1","0.2","0.0","0.2","-1.1","-0.1","($0.6)","10332"
"Jorge De Leon","Astros","-0.2","-0.1","0.0","-0.1","-1.1","-0.1","($0.6)","5397"
"Dale Thayer","Padres","0.4","0.0","0.6","0.6","-1.1","-0.1","($0.6)","5032"
"Scott Baker","Cubs","0.3","0.5","-0.1","0.4","-1.2","-0.1","($0.6)","6176"
"Hisanori Takahashi","Cubs","-0.1","0.0","0.0","0.1","-1.1","-0.1","($0.6)","10091"
"Alfredo Simon","Reds","1.0","1.2","0.0","1.1","-1.1","-0.1","($0.6)","2155"
"Jeremy Bonderman","- - -","-0.4","0.1","-0.4","-0.3","-1.2","-0.1","($0.6)","1667"
"Maikel Cleto","Cardinals","-0.3","-0.2","-0.1","-0.2","-1.3","-0.1","($0.6)","5529"
"Greg Reynolds","Reds","-0.1","-0.2","0.2","0.0","-1.3","-0.1","($0.7)","5712"
"Sean Nolin","Blue Jays","-0.4","-0.2","0.0","-0.2","-1.4","-0.1","($0.7)","11341"
"John Maine","Marlins","-0.4","-0.4","0.2","-0.2","-1.3","-0.1","($0.7)","4773"
"Michael Belfiore","Orioles","-0.1","0.0","0.1","0.1","-1.6","-0.1","($0.7)","9324"
"Carlos Torres","Mets","1.2","0.6","0.7","1.3","-1.4","-0.1","($0.7)","7624"
"Jose Ortega","Tigers","0.1","0.1","0.1","0.2","-1.3","-0.1","($0.7)","9651"
"Jared Hughes","Pirates","-0.3","-0.4","0.3","-0.1","-1.3","-0.1","($0.7)","9325"
"Derek Lowe","Rangers","-0.5","-0.1","-0.2","-0.3","-1.5","-0.2","($0.8)","199"
"Brad Brach","Padres","-0.1","-0.7","0.7","0.0","-1.4","-0.2","($0.8)","6627"
"Brooks Raley","Cubs","-0.2","0.1","-0.2","-0.1","-1.4","-0.2","($0.8)","10061"
"Onelki Garcia","Dodgers","-0.1","0.1","0.0","0.1","-1.5","-0.2","($0.8)","13674"
"Josh Edgin","Mets","0.1","0.1","0.1","0.2","-1.4","-0.2","($0.8)","10796"
"Ted Lilly","Dodgers","-0.4","-0.1","-0.2","-0.2","-1.5","-0.2","($0.8)","833"
"Casper Wells","- - -","-0.6","-0.1","-0.4","-0.4","-1.5","-0.2","($0.8)","9700"
"Pedro Figueroa","Athletics","-0.1","-0.1","0.1","0.0","-1.6","-0.2","($0.8)","6616"
"Hideki Okajima","Athletics","0.1","-0.1","0.4","0.3","-1.6","-0.2","($0.8)","7763"
"Chris Leroux","Pirates","-0.1","0.0","0.1","0.1","-1.6","-0.2","($0.8)","7645"
"Cory Gearrin","Braves","0.1","-0.2","0.5","0.3","-1.5","-0.2","($0.8)","7947"
"Blake Beavan","Mariners","-0.5","0.0","-0.4","-0.4","-1.7","-0.2","($0.8)","338"
"Hiram Burgos","Brewers","-0.6","-0.2","-0.2","-0.4","-1.6","-0.2","($0.9)","9412"
"Liam Hendriks","Twins","-1.0","-0.6","-0.1","-0.8","-1.7","-0.2","($0.9)","3548"
"Scott Diamond","Twins","-0.9","-0.2","-0.5","-0.7","-1.8","-0.2","($0.9)","5089"
"Edgmer Escalona","Rockies","-0.7","-0.1","-0.4","-0.5","-1.6","-0.2","($0.9)","8574"
"Rob Scahill","Rockies","-0.1","-0.2","0.3","0.1","-1.6","-0.2","($0.9)","9286"
"Shairon Martis","Twins","-0.1","0.3","-0.2","0.1","-1.8","-0.2","($0.9)","6781"
"Jose Contreras","Pirates","-0.2","-0.1","0.1","-0.1","-1.7","-0.2","($0.9)","1660"
"Pat Neshek","Athletics","0.2","0.3","0.1","0.4","-1.7","-0.2","($0.9)","4682"
"Thad Weber","- - -","0.2","0.2","0.2","0.3","-1.7","-0.2","($0.9)","8036"
"Brad Boxberger","Padres","0.1","0.0","0.3","0.3","-1.7","-0.2","($0.9)","10133"
"Tom Layne","Padres","0.0","-0.2","0.3","0.2","-1.7","-0.2","($1.0)","7501"
"Zeke Spruill","Diamondbacks","-0.4","-0.2","0.0","-0.2","-2.1","-0.2","($1.0)","3873"
"Daniel Stange","Angels","-0.2","0.0","-0.1","0.0","-2.0","-0.2","($1.0)","9404"
"Scott Barnes","Indians","-0.2","0.1","-0.1","0.0","-2.0","-0.2","($1.0)","8718"
"Vance Worley","Twins","-1.2","-1.4","0.3","-1.0","-2.1","-0.2","($1.0)","6435"
"Dave Bush","Blue Jays","-0.1","0.1","0.0","0.1","-2.8","-0.2","($1.0)","4635"
"Mike Zagurski","- - -","-0.5","-0.2","-0.1","-0.3","-2.0","-0.2","($1.0)","9683"
"Tony Sipp","Diamondbacks","-0.4","0.0","-0.3","-0.2","-1.9","-0.2","($1.1)","8280"
"Tim Byrdak","Mets","-0.2","0.1","-0.1","0.0","-2.0","-0.2","($1.1)","1995"
"Philip Humber","Astros","-1.7","-0.6","-0.8","-1.5","-2.2","-0.2","($1.1)","8586"
"David Hernandez","Diamondbacks","-0.4","0.5","-0.6","-0.1","-1.9","-0.2","($1.1)","4259"
"Nick Hagadone","Indians","-0.6","0.2","-0.6","-0.4","-2.1","-0.2","($1.1)","1351"
"Kyle McClellan","Rangers","-0.2","0.3","-0.3","0.0","-2.1","-0.2","($1.1)","4845"
"Michael Kohn","Angels","0.4","0.5","0.1","0.6","-2.1","-0.2","($1.1)","8505"
"Jake Westbrook","Cardinals","-0.2","-0.3","0.4","0.1","-2.2","-0.2","($1.1)","412"
"Brandon Lyon","Mets","-0.6","-0.6","0.2","-0.4","-2.1","-0.2","($1.1)","1312"
"Hector Rondon","Cubs","-0.3","0.1","-0.2","0.0","-2.1","-0.2","($1.2)","2391"
"Brett Marshall","Yankees","0.0","0.0","0.2","0.2","-2.4","-0.2","($1.2)","5364"
"Anthony Bass","Padres","-0.6","-0.6","0.2","-0.4","-2.2","-0.2","($1.2)","7982"
"Dylan Axelrod","White Sox","-1.1","-1.1","0.2","-0.8","-2.4","-0.2","($1.2)","9303"
"Drew Pomeranz","Rockies","-0.1","-0.2","0.3","0.2","-2.7","-0.2","($1.2)","11426"
"Sam Dyson","Marlins","-0.5","-0.1","-0.1","-0.3","-2.6","-0.2","($1.2)","11710"
"Edgar Olmos","Marlins","-0.5","0.0","-0.3","-0.3","-2.3","-0.2","($1.2)","10174"
"Ricky Romero","Blue Jays","-0.4","-0.1","0.0","-0.1","-2.6","-0.2","($1.2)","3403"
"Freddy Garcia","- - -","0.9","0.7","0.5","1.1","-3.7","-0.2","($1.2)","1077"
"Josh Wall","Dodgers","-0.8","-0.5","-0.1","-0.6","-2.4","-0.3","($1.3)","4436"
"Brayan Villarreal","- - -","-0.8","-0.2","-0.3","-0.6","-2.5","-0.3","($1.3)","5180"
"David Carpenter","Angels","-0.5","0.0","-0.2","-0.2","-2.8","-0.3","($1.3)","9244"
"Carter Capps","Mariners","-0.8","-1.0","0.4","-0.6","-2.4","-0.3","($1.3)","12803"
"Cole DeVries","Twins","-0.7","-0.1","-0.3","-0.4","-3.0","-0.3","($1.3)","8201"
"Tyler Robertson","Twins","-0.1","0.0","0.1","0.1","-2.5","-0.3","($1.3)","3223"
"Chance Ruffin","Mariners","-0.6","-0.3","0.0","-0.3","-2.6","-0.3","($1.3)","11745"
"Eric Surkamp","Giants","-0.4","-0.2","0.0","-0.2","-3.1","-0.3","($1.3)","2540"
"Charlie Leesman","White Sox","-0.4","-0.1","-0.1","-0.1","-2.7","-0.3","($1.3)","9124"
"Barry Enright","Angels","-0.7","-0.1","-0.3","-0.4","-2.8","-0.3","($1.4)","2412"
"Sean Henn","Mets","0.0","0.0","0.3","0.3","-2.6","-0.3","($1.4)","2147"
"Ramon Troncoso","White Sox","-0.6","0.2","-0.5","-0.3","-2.7","-0.3","($1.4)","4685"
"Deunte Heath","White Sox","-0.3","0.1","-0.1","0.0","-2.9","-0.3","($1.4)","7371"
"Mark Lowe","Angels","-0.7","0.1","-0.5","-0.4","-2.8","-0.3","($1.4)","7416"
"Jeremy Horst","Phillies","-0.7","-0.6","0.1","-0.4","-2.6","-0.3","($1.4)","596"
"Jake Dunning","Giants","0.3","0.3","0.4","0.6","-2.7","-0.3","($1.5)","10803"
"George Kontos","Giants","-0.7","-0.5","0.1","-0.4","-2.8","-0.3","($1.5)","9486"
"Pedro Hernandez","Twins","-0.9","-0.7","0.1","-0.6","-3.1","-0.3","($1.5)","4578"
"Brian Flynn","Marlins","-0.6","-0.5","0.2","-0.3","-3.1","-0.3","($1.6)","12027"
"Allen Webster","Red Sox","-0.9","-0.1","-0.5","-0.6","-3.2","-0.3","($1.6)","3993"
"Ramon Ramirez","Giants","-0.4","-0.1","0.0","-0.1","-3.0","-0.3","($1.6)","7986"
"Ian Krol","Nationals","0.1","0.1","0.3","0.4","-2.9","-0.3","($1.6)","10066"
"Nick Maronde","Angels","-0.4","0.1","-0.2","-0.1","-3.1","-0.3","($1.6)","12530"
"Colt Hynes","Padres","-0.9","-0.4","-0.1","-0.5","-2.9","-0.3","($1.6)","7560"
"Chris Resop","Athletics","-0.4","-0.1","0.0","-0.1","-3.1","-0.3","($1.6)","3799"
"Jeurys Familia","Mets","0.0","0.0","0.3","0.3","-3.0","-0.3","($1.6)","5114"
"Brad Lincoln","Blue Jays","-0.1","0.3","0.0","0.2","-3.3","-0.3","($1.7)","4241"
"Josh Fields","Astros","-0.3","0.4","-0.3","0.1","-3.3","-0.3","($1.7)","5070"
"Trevor Bauer","Indians","-0.1","0.2","0.0","0.2","-3.7","-0.3","($1.7)","12703"
"Michael Blazek","- - -","-0.4","0.2","-0.2","0.0","-3.3","-0.4","($1.8)","9654"
"Pedro Villarreal","Reds","-0.4","-0.2","0.2","0.0","-4.2","-0.4","($1.8)","9904"
"Chad Durbin","Phillies","-0.9","-0.5","0.0","-0.5","-3.3","-0.4","($1.8)","1442"
"Andre Rienzo","White Sox","0.1","0.5","-0.1","0.5","-3.9","-0.4","($1.9)","3507"
"Eury De la Rosa","Diamondbacks","-0.7","0.2","-0.5","-0.3","-3.6","-0.4","($2.0)","4055"
"Burch Smith","Padres","-0.8","-0.3","-0.1","-0.4","-3.9","-0.4","($2.0)","12784"
"Peter Moylan","Dodgers","-0.4","-0.4","0.4","0.0","-3.8","-0.4","($2.0)","4891"
"Jonathan Broxton","Reds","-0.3","0.2","-0.1","0.1","-3.7","-0.4","($2.0)","4759"
"Alfredo Aceves","Red Sox","0.2","0.0","0.6","0.6","-4.2","-0.4","($2.1)","5164"
"Mike Adams","Phillies","0.1","0.1","0.4","0.5","-3.8","-0.4","($2.1)","1937"
"Henry Rodriguez","- - -","-0.1","0.3","0.0","0.3","-3.9","-0.4","($2.1)","6371"
"Ethan Martin","Phillies","-0.5","-0.1","0.0","-0.1","-4.2","-0.4","($2.1)","3877"
"Zach Miner","Phillies","0.0","-0.2","0.7","0.4","-3.9","-0.4","($2.1)","3193"
"Billy Buckner","Angels","0.1","0.3","0.2","0.5","-4.5","-0.4","($2.1)","8253"
"Nate Karns","Nationals","-0.4","-0.1","0.1","0.0","-4.5","-0.4","($2.2)","12638"
"Joe Blanton","Angels","-1.9","-1.7","0.2","-1.4","-4.3","-0.4","($2.2)","4849"
"Donovan Hand","Brewers","0.6","0.1","1.0","1.1","-4.4","-0.4","($2.2)","8728"
"Vinnie Pestano","Indians","-0.1","-0.3","0.6","0.3","-4.3","-0.4","($2.2)","4782"
"Luis Garcia","Phillies","-0.1","0.1","0.3","0.4","-4.2","-0.5","($2.3)","6984"
"Ramon Ortiz","Blue Jays","-0.2","0.0","0.3","0.3","-4.9","-0.5","($2.3)","27"
"Cory Rasmus","- - -","-0.4","0.0","0.0","0.1","-4.9","-0.5","($2.4)","2413"
"John Axford","- - -","-0.2","-0.8","1.0","0.3","-4.5","-0.5","($2.5)","9059"
"Jeremy Affeldt","Giants","0.1","0.4","0.2","0.6","-4.6","-0.5","($2.5)","583"
"Jose Valverde","Tigers","-0.3","0.2","0.0","0.2","-5.0","-0.5","($2.6)","1726"
"Guillermo Moscoso","Giants","-0.3","0.4","-0.2","0.2","-5.2","-0.5","($2.6)","5106"
"Mike Kickham","Giants","-1.6","-0.8","-0.3","-1.1","-5.3","-0.5","($2.7)","11618"
"Alfredo Figaro","Brewers","-0.4","0.4","-0.2","0.2","-5.4","-0.6","($2.8)","8404"
"Edgar Gonzalez","- - -","-0.7","-0.2","0.1","-0.1","-5.7","-0.6","($2.8)","1727"
"Joba Chamberlain","Yankees","-0.1","-0.2","0.6","0.4","-5.4","-0.6","($2.8)","2692"
"Ryan Vogelsong","Giants","-1.8","-0.8","-0.5","-1.3","-5.5","-0.6","($2.8)","1011"
"Barry Zito","Giants","-2.3","-2.0","0.2","-1.8","-5.5","-0.6","($2.9)","944"
"Mike Fiers","Brewers","-0.6","0.2","-0.2","0.0","-6.3","-0.6","($3.0)","7754"
"Joel Hanrahan","Red Sox","-0.5","0.0","0.1","0.1","-6.1","-0.6","($3.1)","2186"
"Michael Gonzalez","Brewers","-0.5","-0.7","0.8","0.1","-5.7","-0.6","($3.1)","1794"
"Alex Sanabia","Marlins","-0.2","-0.5","0.9","0.4","-6.5","-0.6","($3.2)","5350"
"Brett Myers","Indians","-0.4","0.1","0.1","0.2","-7.7","-0.7","($3.3)","962"
"Jonathan Sanchez","Pirates","-0.9","-0.4","0.1","-0.3","-6.9","-0.7","($3.3)","7507"
"J.C. Ramirez","Phillies","-0.9","-0.1","-0.2","-0.3","-6.2","-0.7","($3.3)","8302"
"David Aardsma","Mets","-0.3","0.0","0.4","0.4","-6.5","-0.7","($3.6)","1902"
"Carlos Marmol","- - -","-0.5","0.0","0.2","0.3","-6.7","-0.7","($3.6)","2790"
"Johnny Hellweg","Brewers","-1.1","-0.2","-0.1","-0.4","-7.5","-0.7","($3.7)","10065"
"Matt Magill","Dodgers","-1.0","0.1","-0.3","-0.2","-8.2","-0.8","($3.9)","3950"
"Hector Ambriz","Astros","-1.2","-0.5","0.1","-0.4","-7.7","-0.8","($4.0)","559"
"Shawn Camp","Cubs","-0.8","-0.3","0.3","0.0","-7.4","-0.8","($4.0)","1855"
"Roy Halladay","Phillies","-1.2","0.6","-1.0","-0.4","-8.1","-0.8","($4.1)","1303"
"Lucas Harrell","Astros","-2.2","-0.3","-1.0","-1.3","-8.8","-0.9","($4.4)","7541"
"Travis Blackley","- - -","-0.1","0.5","0.4","0.9","-9.1","-0.9","($4.6)","3234"
"Chris Perez","Indians","-0.1","0.0","0.8","0.8","-8.9","-0.9","($4.6)","5213"
"Mitchell Boggs","- - -","-1.4","-0.1","-0.4","-0.5","-8.6","-0.9","($4.6)","3344"
"Brandon League","Dodgers","-1.5","-0.4","-0.1","-0.5","-8.8","-1.0","($4.8)","3731"
"Paul Clemens","Astros","-1.0","0.1","-0.1","0.0","-9.5","-1.0","($4.9)","8037"
"Curtis Partch","Reds","-0.4","0.7","-0.1","0.6","-9.6","-1.0","($5.0)","1333"
"Huston Street","Padres","1.2","1.0","1.2","2.2","-9.3","-1.0","($5.1)","8258"
"Bryan Morris","Pirates","0.5","0.7","1.0","1.6","-10.1","-1.1","($5.5)","10234"
"Robert Carson","Mets","-1.0","0.5","-0.4","0.2","-10.9","-1.1","($5.6)","2570"
"Clayton Richard","Padres","-1.5","0.1","-0.3","-0.2","-12.7","-1.2","($6.0)","3551"
"Kameron Loe","- - -","-0.8","-0.2","0.6","0.4","-13.5","-1.2","($6.2)","4422"
"Jason Marquis","Padres","0.1","0.9","0.8","1.7","-15.9","-1.6","($7.8)","105"
