"Name","Team","Batting","Base Running","Fielding","Replacement","Positional","Fld + Pos","RAR","WAR","Dollars","playerid"
"Mike Trout","Angels","49.4","12.0","13.3","18.9","-0.2","13.0","95.3","10.0","$44.9","10155"
"Robinson Cano","Yankees","40.2","-1.7","11.2","20.6","1.3","12.6","73.9","7.7","$34.8","3269"
"Buster Posey","Giants","45.9","-5.1","6.8","18.0","6.2","13.0","73.6","7.7","$34.7","9166"
"Ryan Braun","Brewers","49.1","3.7","4.7","20.0","-7.0","-2.3","72.5","7.6","$34.2","3410"
"David Wright","Mets","32.6","-0.5","15.0","19.8","2.3","17.4","71.1","7.4","$33.5","3787"
"Chase Headley","Padres","37.9","-1.2","7.3","20.6","2.4","9.7","68.9","7.2","$32.5","4720"
"Miguel Cabrera","Tigers","53.8","-2.9","-9.7","20.6","1.5","-8.2","65.5","6.9","$30.9","1744"
"Andrew McCutchen","Pirates","46.3","3.2","-8.8","19.9","2.3","-6.5","64.8","6.8","$30.5","9847"
"Jason Heyward","Braves","16.3","7.9","22.8","19.2","-6.9","15.9","61.2","6.4","$28.8","4940"
"Adrian Beltre","Rangers","31.9","-2.2","10.0","19.3","-0.6","9.5","60.5","6.3","$28.5","639"
"Yadier Molina","Cardinals","26.3","-5.9","10.3","16.6","9.9","20.2","58.8","6.2","$27.7","7007"
"Michael Bourn","Braves","3.7","6.6","23.3","20.8","2.3","25.6","58.7","6.1","$27.7","6387"
"Ben Zobrist","Rays","28.9","-3.2","8.8","19.7","-0.5","8.3","55.8","5.8","$26.3","7435"
"Aramis Ramirez","Brewers","30.8","-4.2","6.0","18.6","1.8","7.8","54.7","5.7","$25.8","1002"
"Martin Prado","Braves","14.2","3.3","18.4","20.4","-4.4","14.0","53.9","5.6","$25.4","3312"
"Giancarlo Stanton","Marlins","33.1","0.6","9.1","14.8","-5.4","3.7","53.7","5.6","$25.3","4949"
"Joey Votto","Reds","43.7","-3.5","6.2","14.0","-8.3","-2.1","53.6","5.6","$25.3","4314"
"Alex Gordon","Royals","20.9","1.1","14.6","21.3","-7.3","7.3","52.9","5.5","$24.9","5209"
"Aaron Hill","Diamondbacks","25.5","2.1","0.5","19.7","2.3","2.8","52.0","5.4","$24.5","6104"
"Austin Jackson","Tigers","24.9","-0.8","3.5","18.2","2.0","5.6","49.9","5.2","$23.5","9848"
"Carlos Ruiz","Phillies","25.6","-0.1","3.2","12.4","7.3","10.5","49.7","5.2","$23.4","2579"
"Torii Hunter","Angels","20.5","4.8","11.2","17.3","-6.4","4.8","49.2","5.2","$23.2","731"
"Ian Desmond","Nationals","18.3","1.4","4.4","16.2","5.9","10.3","47.7","5.0","$22.5","6885"
"Prince Fielder","Tigers","42.7","-6.7","0.0","20.4","-12.3","-12.3","46.3","4.9","$21.9","4613"
"Jimmy Rollins","Phillies","0.1","8.3","7.9","20.6","7.0","14.9","45.9","4.8","$21.6","971"
"Joe Mauer","Twins","29.3","0.2","-4.1","18.9","-1.4","-5.5","45.1","4.7","$21.2","1857"
"Matt Holliday","Cardinals","33.8","-0.6","-4.0","20.3","-7.0","-11.0","44.6","4.7","$21.0","1873"
"Miguel Montero","Diamondbacks","16.4","-5.5","4.5","16.9","10.2","14.7","44.2","4.6","$20.8","3364"
"Angel Pagan","Giants","11.3","8.1","0.5","19.5","2.1","2.6","43.4","4.5","$20.4","2918"
"Josh Reddick","Athletics","6.6","4.0","17.9","19.9","-7.2","10.7","43.3","4.5","$20.4","3892"
"Bryce Harper","Nationals","15.2","0.2","9.5","17.6","-1.2","8.3","43.1","4.5","$20.3","11579"
"Melky Cabrera","Giants","30.0","2.2","-0.8","14.8","-5.0","-5.8","42.6","4.5","$20.1","4022"
"Adam Jones","Orioles","21.6","1.3","-6.5","20.6","2.4","-4.2","41.6","4.4","$19.6","6368"
"Dustin Pedroia","Red Sox","9.6","-0.5","9.9","18.4","1.9","11.7","41.2","4.3","$19.4","8370"
"Josh Hamilton","Rangers","30.6","4.0","-12.5","18.8","-2.4","-14.9","40.4","4.2","$19.1","1875"
"Alex Rios","White Sox","19.1","5.6","1.5","18.9","-7.0","-5.6","40.0","4.2","$18.9","2090"
"Edwin Encarnacion","Blue Jays","38.5","1.0","-7.6","19.0","-13.9","-21.5","39.1","4.1","$18.4","2151"
"Ryan Zimmerman","Nationals","16.1","0.8","-0.9","18.9","2.2","1.3","38.9","4.1","$18.4","4220"
"Jose Reyes","Marlins","6.9","4.6","-3.1","21.1","7.3","4.1","38.8","4.1","$18.3","1736"
"David Freese","Cardinals","22.0","-6.1","2.1","16.7","2.0","4.1","38.3","4.0","$18.1","9549"
"Elvis Andrus","Rangers","-2.8","2.9","8.3","21.0","6.4","14.7","38.0","4.0","$17.9","8709"
"David Murphy","Rangers","17.5","1.3","7.8","15.4","-6.2","1.6","37.4","3.9","$17.6","6035"
"Matt Wieters","Orioles","4.3","-4.9","9.1","17.5","9.2","18.3","37.1","3.9","$17.5","4298"
"Nick Swisher","Yankees","20.3","-0.9","4.8","18.4","-8.2","-3.4","36.4","3.8","$17.2","4599"
"A.J. Ellis","Dodgers","10.8","-1.6","0.4","14.9","9.9","10.3","35.8","3.8","$16.9","5677"
"Erick Aybar","Angels","3.9","5.1","2.5","16.4","6.1","8.6","35.7","3.7","$16.8","4082"
"Jon Jay","Cardinals","9.8","4.0","3.7","14.8","1.7","5.4","35.4","3.7","$16.7","5227"
"Brandon Phillips","Reds","0.6","3.5","8.7","18.4","2.1","10.8","35.1","3.7","$16.5","791"
"Albert Pujols","Angels","25.3","-5.8","5.9","19.8","-12.4","-6.5","35.0","3.7","$16.5","1177"
"Jonathan Lucroy","Brewers","15.2","0.3","1.9","10.2","6.1","8.1","34.8","3.6","$16.4","7870"
"Kyle Seager","Mariners","6.0","0.1","4.9","19.2","2.1","7.0","34.4","3.6","$16.2","9785"
"Alfonso Soriano","Cubs","11.4","-2.4","11.9","18.2","-6.7","5.2","34.2","3.6","$16.1","847"
"Denard Span","Twins","2.8","3.2","7.7","16.8","1.7","9.4","34.0","3.6","$16.0","8347"
"Josh Willingham","Twins","30.3","0.4","-9.0","18.2","-8.0","-17.0","33.7","3.5","$15.9","2103"
"Danny Espinosa","Nationals","-4.3","-0.9","13.0","19.4","3.4","16.4","32.5","3.4","$15.3","9219"
"Adam LaRoche","Nationals","20.9","-4.2","6.2","19.1","-11.3","-5.1","32.5","3.4","$15.3","1904"
"Dan Uggla","Braves","3.0","2.4","4.2","18.6","2.3","6.5","32.3","3.4","$15.2","3442"
"A.J. Pierzynski","White Sox","11.2","-3.2","-2.0","15.4","8.6","6.7","31.6","3.3","$14.9","746"
"Carlos Beltran","Cardinals","18.6","-2.7","1.6","18.3","-6.0","-4.5","31.5","3.3","$14.8","589"
"Adrian Gonzalez","- - -","12.7","-5.8","13.8","20.2","-11.4","2.4","31.5","3.3","$14.8","1908"
"Carlos Santana","Indians","14.8","-5.3","-1.2","18.0","3.0","1.8","31.2","3.3","$14.7","2396"
"Desmond Jennings","Rays","-1.3","8.1","10.5","16.6","-4.6","6.0","31.2","3.3","$14.7","1965"
"Matt Kemp","Dodgers","24.5","-0.7","-9.0","13.3","1.6","-7.4","30.9","3.2","$14.6","5631"
"Chase Utley","Phillies","5.9","4.3","6.8","10.7","1.2","8.0","29.9","3.1","$14.1","1679"
"B.J. Upton","Rays","5.6","4.0","-2.2","18.7","1.8","-0.4","29.9","3.1","$14.1","5015"
"Starlin Castro","Cubs","-1.7","-0.1","2.0","20.4","7.2","9.2","29.8","3.1","$14.0","4579"
"Carlos Gomez","Brewers","2.3","6.2","4.8","13.4","1.6","6.3","29.5","3.1","$13.9","4881"
"Jason Kipnis","Indians","1.0","2.6","2.2","19.8","1.8","4.0","29.5","3.1","$13.9","9776"
"Mike Moustakas","Royals","-7.8","-1.1","15.8","18.1","2.3","18.0","29.3","3.1","$13.8","4892"
"Derek Jeter","Yankees","14.7","0.8","-14.0","21.9","3.4","-10.6","29.1","3.0","$13.7","826"
"Ian Kinsler","Rangers","0.0","4.6","-0.3","21.6","0.8","0.5","28.9","3.0","$13.6","6195"
"Jose Bautista","Blue Jays","17.9","1.4","0.7","11.8","-4.3","-3.5","28.8","3.0","$13.6","1887"
"Howie Kendrick","Angels","1.5","1.6","4.3","17.5","2.0","6.3","28.8","3.0","$13.6","4229"
"Ben Revere","Twins","-8.5","7.5","14.9","16.3","-3.3","11.6","28.7","3.0","$13.5","4712"
"Andre Ethier","Dodgers","17.5","-0.2","-1.9","18.3","-6.7","-8.6","28.7","3.0","$13.5","6265"
"Shane Victorino","- - -","-5.1","7.0","4.9","19.7","-0.5","4.4","27.9","2.9","$13.1","1677"
"Yoenis Cespedes","Athletics","23.2","1.4","-10.1","16.0","-4.5","-14.5","27.8","2.9","$13.1","13110"
"Omar Infante","- - -","-5.8","3.2","9.0","17.4","2.2","11.2","27.7","2.9","$13.0","1609"
"Hanley Ramirez","- - -","4.7","3.0","-5.5","19.7","3.8","-1.7","27.6","2.9","$13.0","8001"
"Alberto Callaspo","Angels","-2.0","0.4","10.2","15.4","1.9","12.1","27.5","2.9","$13.0","3336"
"Billy Butler","Royals","30.4","-6.5","-2.4","20.1","-16.3","-18.7","27.3","2.9","$12.9","7399"
"Paul Goldschmidt","Diamondbacks","16.7","3.2","-1.2","17.3","-10.3","-11.5","27.3","2.9","$12.9","9218"
"David Ortiz","Red Sox","30.9","-6.7","-0.4","11.3","-9.2","-9.6","27.1","2.8","$12.8","745"
"Asdrubal Cabrera","Indians","9.3","0.0","-7.7","18.2","5.3","-2.3","27.1","2.8","$12.8","4962"
"Craig Gentry","Rangers","2.1","1.1","14.2","7.9","0.9","15.0","27.0","2.8","$12.7","9571"
"Allen Craig","Cardinals","23.4","-2.5","-2.7","15.2","-7.8","-10.6","26.9","2.8","$12.7","3433"
"Jeff Keppinger","Rays","13.6","-1.5","3.6","12.3","-2.7","0.8","26.5","2.8","$12.5","3856"
"Mark Ellis","Dodgers","-1.1","-0.7","11.0","13.7","1.6","12.6","25.8","2.7","$12.2","1443"
"Mark Teixeira","Yankees","9.6","-2.4","10.7","15.5","-9.3","1.4","25.6","2.7","$12.1","1281"
"Chipper Jones","Braves","14.5","-4.4","-0.6","13.2","1.4","0.8","25.5","2.7","$12.0","97"
"Michael Brantley","Indians","4.4","0.0","-0.7","18.0","1.8","1.1","25.5","2.7","$12.0","4106"
"Alejandro De Aza","White Sox","4.1","2.0","-1.3","17.3","1.5","0.2","25.3","2.7","$11.9","3371"
"Neil Walker","Pirates","7.2","0.3","-1.2","15.7","1.7","0.5","25.2","2.6","$11.9","7539"
"J.J. Hardy","Orioles","-18.3","0.4","12.4","21.1","7.4","19.8","25.2","2.6","$11.9","3797"
"Ryan Hanigan","Reds","-5.5","0.3","10.9","11.0","7.5","18.4","25.1","2.6","$11.9","4952"
"Todd Frazier","Reds","11.3","2.1","-1.4","13.7","-2.1","-3.5","25.0","2.6","$11.8","785"
"John Jaso","Mariners","18.0","0.3","-3.1","10.7","-2.0","-5.1","24.9","2.6","$11.8","5887"
"Ryan Ludwick","Reds","18.8","-0.2","-4.1","13.9","-5.0","-9.1","24.8","2.6","$11.7","1260"
"Pablo Sandoval","Giants","9.0","-1.1","1.3","13.1","1.1","2.4","24.7","2.6","$11.6","5409"
"Justin Ruggiano","Marlins","17.3","-2.7","0.2","9.5","-0.6","-0.3","24.7","2.6","$11.6","7620"
"Coco Crisp","Athletics","4.0","5.7","-2.1","15.0","0.4","-1.6","24.7","2.6","$11.6","1572"
"Jed Lowrie","Astros","4.9","0.3","2.9","11.4","4.0","6.8","24.6","2.6","$11.6","4418"
"Jhonny Peralta","Tigers","-9.5","-3.5","11.5","17.3","6.5","18.0","24.0","2.5","$11.3","1738"
"Dexter Fowler","Rockies","14.2","4.5","-13.6","15.7","1.8","-11.9","24.0","2.5","$11.3","4062"
"Salvador Perez","Royals","4.6","-1.8","5.5","9.0","5.5","11.0","23.8","2.5","$11.2","7304"
"Norichika Aoki","Brewers","9.8","0.5","-0.9","17.4","-4.8","-5.7","23.7","2.5","$11.2","13075"
"Carlos Gonzalez","Rockies","14.7","2.7","-6.8","17.1","-5.8","-12.6","23.6","2.5","$11.1","7287"
"Chris Young","Diamondbacks","-0.8","1.7","10.0","10.7","1.0","11.0","23.6","2.5","$11.1","3882"
"Evan Longoria","Rays","16.8","-2.8","1.3","9.2","-2.0","-0.7","23.5","2.5","$11.1","9368"
"Brett Lawrie","Blue Jays","-1.0","0.7","4.5","15.8","1.8","6.3","23.5","2.5","$11.1","5247"
"Yasmani Grandal","Padres","11.9","-2.2","2.3","6.7","4.0","6.3","23.3","2.4","$11.0","11368"
"Shin-Soo Choo","Indians","25.0","-0.7","-16.7","20.3","-6.9","-23.6","23.1","2.4","$10.9","3174"
"Luis Cruz","Dodgers","2.6","0.7","8.4","8.7","1.8","10.2","23.1","2.4","$10.9","3188"
"Alex Avila","Tigers","2.1","-2.6","1.2","12.8","8.0","9.2","22.9","2.4","$10.8","7476"
"Ichiro Suzuki","- - -","-7.5","2.3","13.1","19.6","-7.0","6.1","22.6","2.4","$10.6","1101"
"Will Venable","Padres","8.2","3.4","-0.5","13.9","-3.9","-4.4","22.5","2.4","$10.6","211"
"Zack Cozart","Reds","-12.3","1.3","7.9","17.7","6.0","13.9","22.3","2.3","$10.5","2616"
"Cameron Maybin","Padres","-8.9","6.7","4.0","16.6","2.1","6.1","22.0","2.3","$10.4","5223"
"Pedro Alvarez","Pirates","8.4","1.5","-9.0","17.3","2.1","-7.0","21.9","2.3","$10.3","2495"
"Darwin Barney","Cubs","-18.4","4.3","14.8","17.4","2.2","17.0","21.9","2.3","$10.3","2430"
"Cody Ross","Red Sox","8.3","-0.6","3.2","15.6","-6.2","-3.1","21.9","2.3","$10.3","1760"
"Brandon Moss","Athletics","20.9","0.0","-3.9","8.7","-4.9","-8.8","21.7","2.3","$10.3","4467"
"Gregor Blanco","Giants","-3.8","3.6","10.7","13.4","-3.5","7.2","21.7","2.3","$10.2","3123"
"Curtis Granderson","Yankees","12.8","2.3","-18.1","20.2","2.2","-15.8","21.5","2.3","$10.2","4747"
"Mark Trumbo","Angels","15.5","-0.9","-4.7","17.3","-7.7","-12.4","21.5","2.2","$10.1","6876"
"Tyler Colvin","Rockies","8.4","2.0","-0.4","13.4","-3.3","-3.6","21.4","2.2","$10.1","5310"
"Corey Hart","Brewers","17.6","-0.3","-6.9","18.4","-9.4","-16.3","21.2","2.2","$10.0","1945"
"Andrelton Simmons","Braves","0.7","1.5","11.0","5.4","2.2","13.2","21.2","2.2","$10.0","10847"
"Jay Bruce","Reds","14.6","-3.1","-4.7","18.7","-6.9","-11.6","20.4","2.1","$9.6","9892"
"Alcides Escobar","Royals","-2.8","8.2","-13.5","19.1","7.1","-6.4","20.3","2.1","$9.6","6310"
"Justin Upton","Diamondbacks","6.6","3.0","-3.1","18.5","-6.6","-9.7","20.3","2.1","$9.6","5222"
"Michael Saunders","Mariners","4.9","4.7","-8.2","16.3","0.6","-7.6","20.0","2.1","$9.4","9981"
"Marco Scutaro","- - -","-0.7","0.3","-5.0","20.2","3.0","-2.0","19.7","2.1","$9.3","1555"
"Mike Napoli","Rangers","7.5","-0.3","-3.9","12.3","2.6","-1.3","19.6","2.0","$9.2","3057"
"Chris Davis","Orioles","13.3","-1.6","0.6","16.6","-11.0","-10.5","19.5","2.0","$9.2","9272"
"Russell Martin","Yankees","-2.7","-0.2","-2.0","14.3","8.5","6.6","19.5","2.0","$9.2","4616"
"Justin Maxwell","Astros","2.7","1.4","4.5","10.4","-0.8","3.7","19.3","2.0","$9.1","6827"
"Jonny Gomes","Athletics","16.6","-0.1","-1.2","9.8","-7.1","-8.3","19.1","2.0","$9.0","1845"
"Paul Konerko","White Sox","22.3","-6.2","-4.9","17.7","-11.7","-16.6","19.1","2.0","$9.0","242"
"Jamey Carroll","Twins","-8.2","-2.1","8.5","15.9","3.1","11.6","18.8","2.0","$8.9","1591"
"Alex Rodriguez","Yankees","8.3","-0.1","-4.2","15.6","-2.9","-7.1","18.5","1.9","$8.7","1274"
"Peter Bourjos","Angels","-6.4","1.6","16.3","5.8","0.5","16.9","18.4","1.9","$8.7","2578"
"Will Middlebrooks","Red Sox","7.3","-0.3","1.2","8.4","0.9","2.1","18.4","1.9","$8.7","7002"
"Alexei Ramirez","White Sox","-20.9","3.0","8.3","18.3","7.2","15.4","17.8","1.9","$8.4","5133"
"Jarrod Saltalamacchia","Red Sox","-2.1","-0.4","-0.5","13.2","6.0","5.5","17.6","1.8","$8.3","5557"
"Freddie Freeman","Braves","11.4","-0.9","-2.0","18.3","-11.1","-13.0","17.5","1.8","$8.3","5361"
"Carlos Quentin","Padres","18.5","-0.8","-7.8","10.0","-3.6","-11.4","17.3","1.8","$8.2","6274"
"Adam Dunn","White Sox","11.4","-2.9","1.6","19.2","-14.1","-12.5","17.2","1.8","$8.1","319"
"Brandon Crawford","Giants","-11.0","-2.0","9.0","14.1","5.7","14.6","17.1","1.8","$8.1","5343"
"Ruben Tejada","Mets","-4.4","-0.7","0.9","14.8","5.0","5.8","17.0","1.8","$8.0","5519"
"Gerardo Parra","Diamondbacks","-3.7","0.5","7.6","12.7","-1.6","6.0","16.7","1.8","$7.9","8553"
"Brian McCann","Braves","-7.5","-2.3","2.2","14.4","8.2","10.4","16.5","1.7","$7.8","4810"
"Anthony Rizzo","Cubs","6.7","-2.8","6.7","10.9","-6.3","0.5","16.4","1.7","$7.7","3473"
"Michael McKenry","Pirates","2.7","-0.8","0.4","8.1","5.2","5.6","16.4","1.7","$7.7","9628"
"Eric Young","Rockies","3.2","4.0","3.3","5.8","-0.6","2.7","16.2","1.7","$7.7","7158"
"Roger Bernadina","Nationals","4.3","2.1","1.9","7.7","-0.8","1.2","16.0","1.7","$7.6","6421"
"Brandon Belt","Giants","10.1","-1.3","0.4","13.9","-8.5","-8.1","16.0","1.7","$7.5","10264"
"Matt Joyce","Rays","8.8","2.0","-4.6","13.6","-5.4","-10.0","15.9","1.7","$7.5","3353"
"Eric Chavez","Yankees","9.4","-1.5","-0.6","9.2","-1.7","-2.3","15.9","1.7","$7.5","906"
"Kendrys Morales","Angels","11.0","-2.5","2.3","15.4","-12.0","-9.7","15.8","1.7","$7.4","8610"
"Scott Hairston","Mets","8.7","1.4","-3.9","11.8","-3.4","-7.3","15.7","1.6","$7.4","1926"
"Lorenzo Cain","Royals","-0.6","0.9","7.3","7.2","0.1","7.4","15.7","1.6","$7.4","9077"
"Jose Altuve","Astros","2.3","4.1","-13.4","18.6","2.1","-11.3","15.5","1.6","$7.3","5417"
"Hunter Pence","- - -","2.1","0.9","-2.8","20.3","-7.2","-10.0","15.3","1.6","$7.2","8252"
"Chris Denorfia","Padres","10.6","1.2","-5.5","11.3","-3.5","-9.0","15.1","1.6","$7.1","4400"
"Jason Kubel","Diamondbacks","10.9","-3.5","-5.0","16.9","-6.2","-11.1","14.8","1.6","$7.0","2161"
"Andy Dirks","Tigers","13.0","0.0","-5.3","10.2","-4.2","-9.5","14.8","1.5","$7.0","6453"
"Everth Cabrera","Padres","-6.9","7.1","-4.9","13.3","4.8","-0.1","14.7","1.5","$6.9","8155"
"Nick Markakis","Orioles","14.0","-1.1","-8.6","13.9","-5.0","-13.6","14.7","1.5","$6.9","5930"
"Josh Donaldson","Athletics","-3.4","1.6","5.5","8.7","1.3","6.8","14.7","1.5","$6.9","5038"
"Jerry Hairston","Dodgers","1.0","-0.5","5.1","7.9","0.1","5.1","14.3","1.5","$6.7","144"
"Mike Aviles","Red Sox","-16.4","3.0","4.6","16.1","5.2","9.7","14.2","1.5","$6.7","5986"
"Yunel Escobar","Blue Jays","-18.3","1.6","4.6","18.0","6.2","10.8","14.0","1.5","$6.6","4191"
"Kevin Frandsen","Phillies","6.8","-1.0","0.6","6.2","0.8","1.3","13.9","1.5","$6.5","7528"
"Darin Mastroianni","Twins","-2.3","2.5","9.9","5.5","-2.4","7.5","13.8","1.4","$6.5","7316"
"Matt Carpenter","Cardinals","10.3","0.1","-5.2","10.0","-2.6","-7.8","13.7","1.4","$6.5","8090"
"David Ross","Braves","2.2","-1.0","2.5","5.8","3.6","6.1","13.7","1.4","$6.4","1551"
"Brendan Ryan","Mariners","-21.6","0.1","13.8","13.9","6.0","19.8","13.7","1.4","$6.4","6073"
"Martin Maldonado","Brewers","-0.5","-1.8","3.1","7.6","4.5","7.6","13.6","1.4","$6.4","6887"
"Wilin Rosario","Rockies","5.0","-1.3","-11.4","12.6","7.5","-3.9","13.6","1.4","$6.4","8002"
"Yonder Alonso","Padres","6.2","-4.6","2.7","18.3","-10.9","-8.2","13.5","1.4","$6.4","2530"
"Jarrod Dyson","Royals","-8.1","7.8","2.4","9.7","0.6","3.0","13.5","1.4","$6.3","4866"
"Jacoby Ellsbury","Red Sox","-6.4","5.2","3.0","9.5","0.9","4.0","13.4","1.4","$6.3","4727"
"Garrett Jones","Pirates","14.4","-2.7","-7.7","15.2","-7.4","-15.1","13.3","1.4","$6.3","2714"
"Andres Torres","Mets","-6.3","1.9","2.1","12.8","1.4","3.6","13.3","1.4","$6.3","1488"
"Ryan Doumit","Twins","5.7","-2.0","-5.8","15.6","-1.9","-7.8","13.2","1.4","$6.2","2113"
"Luis Valbuena","Cubs","-8.9","-2.1","13.2","8.9","1.1","14.3","13.2","1.4","$6.2","4969"
"Juan Pierre","Phillies","-0.9","3.9","0.0","13.0","-4.1","-4.1","13.2","1.4","$6.2","443"
"Chris Johnson","- - -","5.1","-1.7","-9.2","15.6","1.5","-7.7","12.8","1.3","$6.1","1191"
"Troy Tulowitzki","Rockies","3.7","1.1","-0.8","6.0","2.1","1.3","12.7","1.3","$6.0","3531"
"Daniel Murphy","Mets","1.3","1.0","-10.9","18.1","1.4","-9.5","12.6","1.3","$6.0","4316"
"Manny Machado","Orioles","-0.8","0.7","5.3","6.0","0.8","6.1","12.6","1.3","$5.9","11493"
"Pete Kozma","Cardinals","5.2","1.1","2.6","2.4","1.0","3.6","12.6","1.3","$5.9","2539"
"Erik Kratz","Phillies","2.1","-1.1","3.4","4.6","2.9","6.3","12.4","1.3","$5.8","4403"
"Kelly Shoppach","- - -","-1.1","-1.4","2.0","7.2","4.7","6.7","12.3","1.3","$5.8","3867"
"David DeJesus","Cubs","2.6","-1.2","-4.5","17.2","-3.5","-8.0","12.2","1.3","$5.8","1825"
"Logan Forsythe","Padres","4.1","2.5","-7.0","10.3","1.0","-6.0","12.0","1.3","$5.6","7185"
"Seth Smith","Athletics","3.9","1.2","0.4","13.0","-8.1","-7.6","11.9","1.2","$5.6","7331"
"Chris Iannetta","Angels","2.2","-2.4","-1.9","7.5","5.3","3.4","11.5","1.2","$5.4","8267"
"Brandon Inge","- - -","-7.7","-0.4","7.5","9.8","1.1","8.7","11.4","1.2","$5.4","470"
"Chris Heisey","Reds","-3.2","1.5","2.5","11.1","-1.8","0.7","11.2","1.2","$5.3","3978"
"Casper Wells","Mariners","-0.7","-0.3","4.8","9.3","-3.0","1.8","11.1","1.2","$5.2","9700"
"Tyler Flowers","White Sox","-1.6","-0.3","5.0","4.5","2.9","7.9","11.0","1.1","$5.2","9134"
"Nelson Cruz","Rangers","4.4","-3.2","-3.7","19.0","-7.5","-11.2","10.9","1.1","$5.2","2434"
"J.P. Arencibia","Blue Jays","-5.1","-1.4","-1.2","11.0","6.4","5.2","10.8","1.1","$5.1","697"
"Cody Ransom","- - -","-1.5","0.2","0.9","8.3","2.0","2.9","10.7","1.1","$5.1","1126"
"Dustin Ackley","Mariners","-19.2","2.2","4.5","19.7","1.2","5.7","10.6","1.1","$5.0","10099"
"Starling Marte","Pirates","-0.1","0.2","6.3","5.4","-1.7","4.5","10.5","1.1","$5.0","9241"
"Ike Davis","Mets","7.4","-2.3","-3.0","17.3","-10.5","-13.5","10.5","1.1","$4.9","8433"
"Mike Baxter","Mets","3.7","1.0","1.0","6.2","-2.2","-1.1","10.5","1.1","$4.9","4464"
"Kevin Youkilis","- - -","1.6","-2.7","-5.5","15.0","0.5","-5.1","10.4","1.1","$4.9","1935"
"Colby Rasmus","Blue Jays","-12.1","-0.1","0.4","18.5","1.7","2.1","10.4","1.1","$4.9","9893"
"Donovan Solano","Marlins","-2.2","3.0","-1.4","9.3","0.7","-0.7","10.3","1.1","$4.9","8623"
"Austin Kearns","Marlins","1.1","1.0","3.7","5.2","-1.5","2.2","9.9","1.0","$4.7","332"
"Drew Stubbs","Reds","-22.9","6.1","7.2","16.1","1.9","9.1","9.9","1.0","$4.7","9328"
"Welington Castillo","Cubs","0.1","-0.6","0.6","5.6","3.5","4.2","9.9","1.0","$4.6","3256"
"Rickie Weeks","Brewers","-1.0","3.5","-16.7","20.0","2.1","-14.6","9.8","1.0","$4.6","1849"
"Charlie Blackmon","Rockies","-2.0","0.1","9.0","3.6","-1.1","7.8","9.8","1.0","$4.6","7859"
"Chris Carter","Athletics","11.4","-0.9","-4.3","7.7","-5.0","-9.3","9.7","1.0","$4.6","9911"
"Cliff Pennington","Athletics","-18.8","3.8","4.8","13.6","4.6","9.3","9.4","1.0","$4.4","3395"
"Jason Castro","Astros","0.0","0.4","-6.1","8.7","5.5","-0.6","9.3","1.0","$4.4","8722"
"Daniel Nava","Red Sox","1.3","0.6","0.7","9.4","-3.7","-3.0","9.3","1.0","$4.4","5450"
"Clint Barmes","Pirates","-22.5","-0.8","10.6","14.6","5.9","16.6","9.3","1.0","$4.4","1830"
"Ryan Roberts","- - -","-12.8","-1.3","5.6","14.4","1.6","7.2","9.1","0.9","$4.3","5653"
"DeWayne Wise","- - -","-2.6","3.1","1.3","7.1","-0.9","0.4","8.7","0.9","$4.1","1554"
"John Buck","Marlins","-12.5","-1.2","1.6","11.8","7.8","9.5","8.7","0.9","$4.1","2041"
"George Kottaras","- - -","3.4","-0.8","-4.1","6.2","3.3","-0.7","8.7","0.9","$4.1","5506"
"Mike Leake","Reds","0.0","0.1"," ","2.0","6.3","6.3","8.6","0.9","$4.1","10130"
"Shane Robinson","Cardinals","-3.9","2.8","3.6","5.3","0.2","3.8","8.5","0.9","$4.0","4249"
"Scott Rolen","Reds","-2.5","-2.2","1.2","9.7","1.2","2.5","8.5","0.9","$4.0","970"
"Raul Ibanez","Yankees","0.9","-1.2","1.0","12.6","-6.3","-5.3","8.2","0.9","$3.9","607"
"Quintin Berry","Tigers","-4.2","5.9","-1.9","9.7","-2.4","-4.4","8.1","0.9","$3.8","9414"
"Gordon Beckham","White Sox","-13.9","-0.8","1.5","17.2","2.1","3.7","8.1","0.8","$3.8","9015"
"Joaquin Arias","Giants","-4.5","0.7","-1.9","10.2","2.4","0.5","7.8","0.8","$3.7","3817"
"Jesus Guzman","Padres","2.1","-2.0","0.6","9.5","-3.3","-2.7","7.8","0.8","$3.7","3118"
"Dave Sappelt","Cubs","1.2","-0.1","5.0","2.3","-0.8","4.2","7.8","0.8","$3.7","6898"
"Jose Molina","Rays","-6.1","-1.4","0.1","8.1","6.1","6.2","7.6","0.8","$3.6","25"
"Skip Schumaker","Cardinals","-1.7","0.7","-2.0","9.0","0.7","-1.3","7.6","0.8","$3.6","3704"
"Maicer Izturis","Angels","-6.7","3.3","-1.3","9.4","1.7","0.5","7.5","0.8","$3.5","2437"
"Gerald Laird","Tigers","-1.0","0.6","-1.9","5.6","3.5","1.6","7.3","0.8","$3.5","1698"
"Rafael Furcal","Cardinals","-8.2","2.4","-9.5","15.7","5.3","-4.2","7.2","0.8","$3.4","88"
"Pedro Ciriaco","Red Sox","-4.5","3.4","-0.7","8.0","0.0","-0.6","7.2","0.8","$3.4","5278"
"Michael Cuddyer","Rockies","0.5","0.0","-1.4","11.6","-4.8","-6.2","7.1","0.7","$3.4","1534"
"Alex Presley","Pirates","-6.4","1.2","3.6","10.9","-3.4","0.2","7.0","0.7","$3.3","5305"
"Bobby Wilson","Angels","-9.0","0.6","4.7","5.9","4.1","8.8","6.9","0.7","$3.3","6564"
"Jeff Mathis","Blue Jays","-8.2","0.0","3.3","6.7","4.4","7.7","6.9","0.7","$3.2","3448"
"DJ LeMahieu","Rockies","-5.0","-0.2","3.0","7.3","0.9","4.0","6.8","0.7","$3.2","9874"
"Sean Rodriguez","Rays","-11.6","2.3","2.8","10.1","2.1","4.9","6.7","0.7","$3.2","6589"
"Juan Francisco","Braves","-2.8","-0.8","3.0","6.1","0.6","3.6","6.7","0.7","$3.1","6978"
"Adam Eaton","Diamondbacks","2.2","0.7","0.0","3.0","0.3","0.4","6.6","0.7","$3.1","11205"
"Mitch Moreland","Rangers","2.1","-3.8","3.6","10.5","-7.1","-3.5","6.5","0.7","$3.1","3086"
"Jayson Werth","Nationals","11.3","0.7","-13.9","10.2","-3.0","-16.9","6.3","0.7","$3.0","1327"
"Carlos Pena","Rays","-1.2","-4.4","3.1","17.7","-10.7","-7.7","6.3","0.7","$3.0","934"
"Ryan Sweeney","Red Sox","-5.2","1.7","4.0","6.5","-1.5","2.5","6.1","0.6","$2.9","6352"
"Dan Johnson","White Sox","5.6","0.1","-0.2","0.9","-0.7","-0.8","5.9","0.6","$2.8","2167"
"Freddy Galvis","Phillies","-8.8","0.0","7.2","5.9","0.9","8.1","5.8","0.6","$2.7","6609"
"Wilson Betemit","Orioles","0.7","-1.2","-4.8","11.1","-1.1","-6.0","5.8","0.6","$2.7","1861"
"Fernando Martinez","Astros","1.0","0.1","1.9","3.8","-1.4","0.5","5.8","0.6","$2.7","9210"
"Chris Gimenez","Rays","-2.0","0.3","1.7","3.2","2.2","3.9","5.7","0.6","$2.7","7324"
"Tyler Moore","Nationals","5.5","-0.9","-2.6","5.1","-1.8","-4.4","5.7","0.6","$2.7","7244"
"Hector Sanchez","Giants","-3.0","-0.4","-1.9","6.7","3.7","1.8","5.7","0.6","$2.7","10289"
"Nate McLouth","- - -","-3.7","4.3","-2.0","8.8","-2.7","-4.7","5.7","0.6","$2.7","3190"
"Kirk Nieuwenhuis","Mets","-2.6","1.4","-2.7","9.3","-0.6","-3.3","5.7","0.6","$2.7","6400"
"Trevor Plouffe","Twins","3.0","-1.6","-11.5","13.7","0.4","-11.0","5.6","0.6","$2.6","7462"
"Kurt Suzuki","- - -","-18.6","-2.9","4.0","13.1","8.7","12.7","5.5","0.6","$2.6","8259"
"Rob Brantly","Marlins","3.2","0.8","-4.3","3.3","2.1","-2.2","5.5","0.6","$2.6","10655"
"Steve Lombardozzi","Nationals","-8.2","-1.2","1.7","12.3","-0.4","1.2","5.4","0.6","$2.5","5422"
"Stephen Strasburg","Nationals","0.5","-1.7"," ","1.6","4.8","4.8","5.3","0.6","$2.5","10131"
"Wilson Ramos","Nationals","0.4","1.1","-1.2","2.8","1.9","0.7","5.3","0.6","$2.5","1433"
"Travis Hafner","Indians","5.9","-2.8"," ","7.8","-6.6","-6.6","5.1","0.5","$2.4","1573"
"Nolan Reimold","Orioles","4.7","1.2","-2.3","2.0","-0.8","-3.0","5.1","0.5","$2.4","3441"
"Alexi Casilla","Twins","-13.9","4.7","2.4","9.6","1.3","3.7","5.1","0.5","$2.4","5248"
"Anthony Gose","Blue Jays","-6.3","5.1","1.4","5.6","-1.2","0.1","5.1","0.5","$2.4","5097"
"Chad Tracy","Nationals","0.9","-1.5","2.7","3.1","-0.5","2.3","5.0","0.5","$2.4","1888"
"Adam Kennedy","Dodgers","-0.7","-0.9","-0.5","5.9","0.5","0.0","4.9","0.5","$2.3","19"
"Nick Punto","- - -","-6.8","1.8","3.2","5.6","0.5","3.7","4.9","0.5","$2.3","1429"
"Ronny Cedeno","Mets","1.6","-1.5","-2.8","5.5","1.3","-1.6","4.6","0.5","$2.2","2179"
"Reed Johnson","- - -","-0.4","-0.4","-2.7","8.5","-1.3","-4.0","4.5","0.5","$2.1","1702"
"Laynce Nix","Phillies","-0.5","0.0","2.1","3.8","-1.3","0.9","4.5","0.5","$2.1","1766"
"Darin Ruf","Phillies","3.1","0.1","0.5","1.1","-0.5","0.0","4.5","0.5","$2.1","9929"
"John McDonald","Diamondbacks","-6.6","0.0","2.0","6.3","2.3","4.2","4.5","0.5","$2.1","395"
"Cole Hamels","Phillies","-4.6","-1.1"," ","2.4","7.5","7.5","4.4","0.5","$2.1","4972"
"Chris Stewart","Yankees","-6.4","1.7","0.6","4.6","3.4","4.0","4.4","0.5","$2.1","3878"
"Tony Campana","Cubs","-8.3","6.2","-0.1","5.7","0.3","0.2","4.4","0.5","$2.1","4964"
"Eduardo Nunez","Yankees","-0.8","2.8","-1.1","3.0","0.1","-0.9","4.3","0.4","$2.0","6848"
"Vernon Wells","Angels","-3.5","1.0","0.9","7.7","-2.8","-1.9","4.2","0.4","$2.0","1326"
"Lou Marson","Indians","-3.4","-1.7","-3.1","6.9","4.7","1.6","4.1","0.4","$1.9","7610"
"Placido Polanco","Phillies","-11.4","-0.8","4.4","9.7","1.1","5.6","4.0","0.4","$1.9","1176"
"Willie Bloomquist","Diamondbacks","-3.6","-0.3","-5.8","10.0","2.9","-3.0","4.0","0.4","$1.9","1066"
"Derek Norris","Athletics","-7.2","0.6","-1.0","6.9","4.0","3.1","4.0","0.4","$1.9","6867"
"Josh Rutledge","Rockies","-2.3","1.8","-7.6","8.6","2.6","-5.0","3.9","0.4","$1.9","11167"
"Kelly Johnson","Blue Jays","-10.5","0.5","-6.9","17.2","1.7","-5.2","3.9","0.4","$1.8","2234"
"Nate Schierholtz","- - -","-0.2","-0.9","-1.1","7.9","-2.7","-3.8","3.9","0.4","$1.8","6201"
"Logan Schafer","Brewers","0.5","0.2","2.4","0.7","0.0","2.4","3.9","0.4","$1.8","7937"
"Carlos Corporan","Astros","0.5","-0.4","-0.6","2.5","1.6","1.0","3.9","0.4","$1.8","5587"
"Travis Ishikawa","Brewers","0.2","-0.4","0.8","5.1","-2.4","-1.5","3.9","0.4","$1.8","4793"
"Scott Moore","Astros","2.7","-0.3","-4.6","6.7","-1.3","-5.9","3.8","0.4","$1.8","4390"
"Bryan LaHair","Cubs","3.8","-0.6","-6.4","11.2","-5.3","-11.7","3.8","0.4","$1.8","5462"
"Jon Niese","Mets","-4.0","-0.6"," ","2.0","6.2","6.2","3.8","0.4","$1.8","4424"
"Jhonatan Solano","Nationals","1.9","0.3","-0.5","1.1","0.8","0.3","3.7","0.4","$1.8","7515"
"Xavier Paul","Reds","3.2","-0.7","-1.3","2.8","-0.6","-1.9","3.7","0.4","$1.8","5963"
"Emilio Bonifacio","Marlins","-7.2","6.1","-5.0","8.1","0.9","-4.1","3.7","0.4","$1.8","4054"
"Irving Falu","Royals","2.3","-1.1","-0.9","2.7","0.4","-0.4","3.7","0.4","$1.7","6165"
"Jason Marquis","Padres","-0.4","-0.5"," ","1.1","3.3","3.3","3.6","0.4","$1.7","105"
"Francisco Peguero","Giants","-1.9","0.5","4.6","0.5","-0.2","4.4","3.6","0.4","$1.7","5496"
"Alexi Amarista","- - -","-5.3","0.9","-2.2","8.9","0.5","-1.7","3.6","0.4","$1.7","9063"
"Jaime Garcia","Cardinals","-0.7","-1.4"," ","1.4","4.2","4.2","3.5","0.4","$1.6","8137"
"Jose Lobaton","Rays","-3.5","-2.4","-1.0","5.8","3.9","2.9","3.4","0.4","$1.6","4243"
"Elliot Johnson","Rays","-5.7","0.8","-6.0","9.8","3.4","-2.6","3.3","0.3","$1.6","4751"
"Brett Gardner","Yankees","1.2","0.8","0.5","1.1","-0.4","0.1","3.3","0.3","$1.5","9927"
"Chris Dickerson","Yankees","2.0","0.7","0.2","0.5","-0.2","0.0","3.2","0.3","$1.5","7095"
"Matt Harvey","Mets","0.4","0.2"," ","0.6","1.9","1.9","3.2","0.3","$1.5","11713"
"Andruw Jones","Yankees","-3.6","-0.7","2.8","7.9","-4.2","-1.4","3.1","0.3","$1.5","96"
"Dayan Viciedo","White Sox","-1.3","-3.1","-3.3","16.0","-6.9","-10.2","3.1","0.3","$1.5","3917"
"Daric Barton","Athletics","-2.1","0.5","3.0","4.0","-2.7","0.3","3.1","0.3","$1.5","5928"
"Carl Crawford","Red Sox","0.9","1.2","-1.8","3.7","-1.4","-3.1","3.0","0.3","$1.4","1201"
"Dioner Navarro","Reds","-0.4","-0.4","0.0","2.2","1.3","1.4","3.0","0.3","$1.4","3179"
"Rajai Davis","Blue Jays","-8.8","6.9","-5.4","14.4","-5.6","-11.0","3.0","0.3","$1.4","3708"
"Chris Getz","Royals","-4.6","0.8","-0.9","6.2","0.7","-0.2","2.9","0.3","$1.4","3388"
"Travis Snider","- - -","-1.7","0.4","0.0","5.5","-1.8","-1.8","2.9","0.3","$1.4","2830"
"Scott Podsednik","Red Sox","-4.9","1.9","0.3","6.4","-1.4","-1.1","2.9","0.3","$1.4","1095"
"Zack Greinke","Brewers","-2.2","0.4"," ","1.1","3.5","3.5","2.9","0.3","$1.3","1943"
"Trayvon Robinson","Mariners","-4.6","0.4","3.5","4.8","-1.9","1.6","2.8","0.3","$1.3","9875"
"Sam Fuld","Rays","-2.0","1.9","0.7","3.2","-1.6","-0.9","2.6","0.3","$1.2","8254"
"Jayson Nix","Yankees","-3.0","-1.0","-0.5","6.0","0.4","-0.1","2.5","0.3","$1.2","3790"
"Jordan Zimmermann","Nationals","-4.5","-1.1"," ","1.9","6.0","6.0","2.5","0.3","$1.2","4505"
"Drew Pomeranz","Rockies","-1.2","-0.1"," ","0.9","2.8","2.8","2.5","0.3","$1.2","11426"
"Jose Iglesias","Red Sox","-8.6","1.0","6.7","2.3","0.9","7.6","2.5","0.3","$1.2","10231"
"Justin Morneau","Twins","5.2","-3.4","-6.7","16.8","-11.2","-18.0","2.5","0.3","$1.2","1737"
"Lance Berkman","Cardinals","2.9","0.3","-2.4","2.9","-1.5","-3.9","2.4","0.3","$1.1","548"
"Matt Dominguez","Astros","1.3","-2.2","-0.8","3.3","0.4","-0.4","2.4","0.3","$1.1","4903"
"Justin Sellers","Dodgers","-1.2","0.0","1.5","1.5","0.4","2.0","2.4","0.3","$1.1","4006"
"Travis Buck","Astros","-3.5","0.2","3.8","2.4","-0.8","3.0","2.3","0.2","$1.1","4646"
"Tim Hudson","Braves","-4.8","-1.1"," ","2.0","6.1","6.1","2.3","0.2","$1.1","921"
"Andrew Brown","Rockies","-2.7","-0.8","3.0","3.7","-1.2","1.8","2.3","0.2","$1.1","3837"
"Jhoulys Chacin","Rockies","-0.8","-0.2"," ","0.8","2.4","2.4","2.3","0.2","$1.1","2608"
"James McDonald","Pirates","-5.7","0.1"," ","1.9","5.7","5.7","2.2","0.2","$1.0","5523"
"Omar Quintanilla","- - -","-3.5","-1.2","-0.9","5.6","1.5","0.6","2.2","0.2","$1.0","6335"
"Edwin Jackson","Nationals","-4.9","-0.9"," ","1.9","5.9","5.9","2.1","0.2","$1.0","1841"
"Mat Latos","Reds","-7.1","-0.6"," ","2.4","7.3","7.3","2.1","0.2","$1.0","3815"
"Justin Turner","Mets","-0.5","-0.4","-2.9","5.5","0.0","-2.9","2.1","0.2","$1.0","5235"
"Josh Harrison","Pirates","-9.6","1.5","0.7","8.2","0.7","1.4","2.1","0.2","$1.0","8202"
"Jordy Mercer","Pirates","-2.3","0.0","1.6","2.0","0.6","2.2","2.1","0.2","$1.0","6547"
"Humberto Quintero","Royals","-7.1","-1.3","2.7","4.3","3.0","5.7","2.1","0.2","$1.0","1824"
"Jose Constanza","Braves","-3.8","0.3","3.5","2.5","-0.7","2.8","2.1","0.2","$1.0","6003"
"Carlos Triunfel","Mariners","-1.1","0.2","1.8","0.7","0.2","2.0","2.0","0.2","$0.9","193"
"Hector Gimenez","White Sox","0.7","0.4","0.5","0.3","0.0","0.5","1.9","0.2","$0.9","2172"
"Andrew Romine","Angels","1.7","0.2","-0.8","0.6","0.1","-0.7","1.9","0.2","$0.9","1159"
"Jeremy Hermida","Padres","-0.2","0.1","1.3","0.8","-0.2","1.1","1.8","0.2","$0.9","7208"
"Matt Cain","Giants","-8.0","-0.6"," ","2.5","7.6","7.6","1.8","0.2","$0.9","4732"
"Clayton Kershaw","Dodgers","-6.8","-0.7"," ","2.2","6.8","6.8","1.8","0.2","$0.9","2036"
"John Mayberry","Phillies","-7.5","-2.6","-1.0","14.1","-2.7","-3.7","1.8","0.2","$0.8","3390"
"Brandon Barnes","Astros","-7.4","0.2","5.3","3.1","0.3","5.6","1.7","0.2","$0.8","629"
"Mike Fontenot","Phillies","-1.9","-1.1","1.1","3.1","0.2","1.3","1.7","0.2","$0.8","3912"
"Adron Chambers","Cardinals","-3.1","-0.5","3.5","1.8","-0.2","3.3","1.7","0.2","$0.8","7995"
"Alex Gonzalez","Brewers","1.3","-0.4","-3.1","2.6","1.0","-2.0","1.7","0.2","$0.8","520"
"Tony Cruz","Cardinals","-4.8","-0.3","0.0","3.9","2.5","2.5","1.7","0.2","$0.8","2802"
"Nyjer Morgan","Brewers","-12.4","-0.3","4.4","9.5","-0.4","4.0","1.7","0.2","$0.8","4885"
"Eric Stults","Padres","-1.7","-0.8"," ","1.0","3.1","3.1","1.6","0.2","$0.8","8011"
"Geovany Soto","- - -","-16.3","1.4","-2.0","10.7","6.8","4.8","1.6","0.2","$0.8","3707"
"Juan Uribe","Dodgers","-10.1","-1.2","6.5","5.3","0.7","7.1","1.6","0.2","$0.8","454"
"David Lough","Royals","-2.9","0.3","2.2","1.9","-0.1","2.1","1.6","0.2","$0.7","7215"
"Jim Thome","- - -","2.6","-2.9","0.0","5.5","-4.1","-4.1","1.6","0.2","$0.7","409"
"Vinny Rottino","- - -","-4.3","1.1","3.6","2.1","-1.1","2.4","1.6","0.2","$0.7","5202"
"Daniel Descalso","Cardinals","-13.4","3.1","-3.9","12.6","2.0","-1.9","1.6","0.2","$0.7","8392"
"Alex White","Rockies","-2.5","0.0"," ","1.0","3.0","3.0","1.5","0.2","$0.7","10054"
"Eddy Rodriguez","Padres","1.0","0.0","0.0","0.2","0.1","0.2","1.4","0.1","$0.7","6870"
"Brandon Snyder","Rangers","0.0","0.4","-0.2","2.0","-1.1","-1.3","1.4","0.1","$0.7","9856"
"Jason Pridie","Phillies","0.8","0.0","0.3","0.3","0.0","0.3","1.4","0.1","$0.7","4611"
"Brian Schneider","Phillies","-3.0","-0.6","-0.1","2.9","2.0","1.8","1.4","0.1","$0.7","795"
"Pete Orr","Phillies","0.5","-0.5","-0.6","1.7","0.1","-0.5","1.4","0.1","$0.6","2748"
"Luke Scott","Rays","-1.0","0.5","-0.2","10.2","-9.2","-9.4","1.4","0.1","$0.6","3469"
"Elian Herrera","Dodgers","-1.8","-0.5","-3.1","6.3","-0.2","-3.3","1.3","0.1","$0.6","5432"
"Tyler Chatwood","Rockies","-1.3","-0.2"," ","0.7","2.1","2.1","1.3","0.1","$0.6","4338"
"Ezequiel Carrera","Indians","-1.0","1.2","-3.0","4.7","-1.0","-4.0","1.3","0.1","$0.6","9048"
"Darnell McDonald","- - -","-3.0","0.6","1.5","3.0","-1.3","0.2","1.2","0.1","$0.6","1867"
"Jason Vargas","Mariners","0.5","0.0"," ","0.2","0.5","0.5","1.2","0.1","$0.6","8044"
"Rafael Ortega","Rockies","0.9","0.2","-0.1","0.2","0.0","-0.1","1.2","0.1","$0.5","10323"
"Madison Bumgarner","Giants","-7.4","-0.7"," ","2.2","6.8","6.8","1.2","0.1","$0.5","5524"
"Jordan Danks","White Sox","-4.3","-0.3","4.0","2.2","-0.7","3.3","1.1","0.1","$0.5","9187"
"Brett Jackson","Cubs","-4.0","-0.9","0.9","4.2","0.5","1.4","1.1","0.1","$0.5","9632"
"Todd Helton","Rockies","-3.4","-1.6","1.7","8.4","-4.8","-3.1","1.1","0.1","$0.5","432"
"Brandon Beachy","Braves","-2.7","-0.1"," ","0.9","2.8","2.8","1.1","0.1","$0.5","8851"
"Vin Mazzaro","Royals","0.5","0.0"," ","0.1","0.5","0.5","1.1","0.1","$0.5","5231"
"A.J. Pollock","Diamondbacks","-1.7","-2.3","2.1","2.7","-0.1","2.1","1.1","0.1","$0.5","9256"
"Brian Bixler","Astros","-4.8","0.3","2.6","2.8","-0.1","2.5","1.1","0.1","$0.5","8055"
"Bill Hall","Orioles","1.3","-0.3","0.0","0.4","-0.4","-0.4","1.0","0.1","$0.5","1605"
"Travis Wood","Cubs","-5.1","-0.7"," ","1.6","5.0","5.0","0.9","0.1","$0.4","9884"
"Stephen Fife","Dodgers","-0.1","0.0"," ","0.2","0.7","0.7","0.9","0.1","$0.4","8077"
"Mark Rogers","Brewers","-1.0","0.0"," ","0.5","1.5","1.5","0.9","0.1","$0.4","4083"
"Tom Gorzelanny","Nationals","0.2","-0.1"," ","0.2","0.6","0.6","0.9","0.1","$0.4","6244"
"Derek Lowe","Indians","0.4","0.0"," ","0.1","0.4","0.4","0.9","0.1","$0.4","199"
"Jered Weaver","Angels","0.5","0.0"," ","0.1","0.3","0.3","0.9","0.1","$0.4","4235"
"Colby Lewis","Rangers","0.4","0.0"," ","0.1","0.4","0.4","0.9","0.1","$0.4","1259"
"Hector Noesi","Mariners","0.4","-0.1"," ","0.1","0.4","0.4","0.8","0.1","$0.4","3292"
"Dillon Gee","Mets","-3.3","-0.1"," ","1.0","3.1","3.1","0.8","0.1","$0.4","7396"
"Collin Cowgill","Athletics","-1.7","-1.7","1.2","3.4","-0.6","0.5","0.8","0.1","$0.4","7250"
"Ian Stewart","Cubs","-8.6","-1.7","3.8","6.0","0.7","4.6","0.8","0.1","$0.4","5950"
"Denis Phipps","Reds","1.1","0.0","-0.6","0.3","0.0","-0.6","0.8","0.1","$0.4","6968"
"Josh Tomlin","Indians","0.2","0.0"," ","0.1","0.5","0.5","0.8","0.1","$0.4","9388"
"Miguel Olivo","Mariners","-11.0","-3.4","0.6","9.5","4.1","4.6","0.8","0.1","$0.4","1638"
"Shelby Miller","Cardinals","1.0","-0.6"," ","0.1","0.3","0.3","0.8","0.1","$0.4","10197"
"Corey Brown","Nationals","-1.1","-0.2","1.3","0.8","-0.1","1.1","0.7","0.1","$0.4","2650"
"Kris Medlen","Braves","-4.4","0.3"," ","1.2","3.5","3.5","0.7","0.1","$0.3","9417"
"Carlos Torres","Rockies","-1.0","0.1"," ","0.4","1.2","1.2","0.7","0.1","$0.3","7624"
"Joe Wieland","Padres","-0.3","0.0"," ","0.2","0.7","0.7","0.7","0.1","$0.3","6109"
"Jordan Lyles","Astros","-4.7","-0.3"," ","1.4","4.2","4.2","0.7","0.1","$0.3","7593"
"Felix Hernandez","Mariners","0.3","0.0"," ","0.1","0.3","0.3","0.6","0.1","$0.3","4772"
"Brett Pill","Giants","-4.0","-0.3","2.8","3.4","-1.6","1.2","0.6","0.1","$0.3","5834"
"Brandon Laird","Astros","-0.8","0.0","0.3","1.1","-0.1","0.2","0.6","0.1","$0.3","5476"
"Eury Perez","Nationals","-0.6","0.7","0.3","0.1","0.0","0.3","0.6","0.1","$0.3","10299"
"Aneury Rodriguez","Astros","0.5","0.0"," ","0.0","0.1","0.1","0.6","0.1","$0.3","8948"
"Jorge de la Rosa","Rockies","0.0","-0.1"," ","0.1","0.5","0.5","0.5","0.1","$0.3","2047"
"Kyle Kendrick","Phillies","-4.9","-0.1"," ","1.3","4.1","4.1","0.5","0.1","$0.3","6230"
"David Hernandez","Diamondbacks","0.4","0.0"," ","0.0","0.1","0.1","0.5","0.1","$0.2","4259"
"John Baker","Padres","-7.6","-0.2","-2.5","6.3","3.9","1.4","0.5","0.1","$0.2","4756"
"Randall Delgado","Braves","-2.4","-0.5"," ","0.8","2.5","2.5","0.5","0.1","$0.2","5985"
"Jordany Valdespin","Mets","-1.2","0.3","-4.4","6.1","-0.8","-5.2","0.5","0.1","$0.2","5098"
"Ricky Nolasco","Marlins","-7.1","-1.1"," ","2.1","6.4","6.4","0.5","0.0","$0.2","3830"
"Wade Davis","Rays","0.2","0.0"," ","0.1","0.2","0.2","0.5","0.0","$0.2","7441"
"David Carpenter","Astros","0.2","0.0"," ","0.1","0.2","0.2","0.4","0.0","$0.2","3959"
"Brandon Dickson","Cardinals","0.2","0.0"," ","0.1","0.2","0.2","0.4","0.0","$0.2","6979"
"Carlos Villanueva","Blue Jays","0.2","0.0"," ","0.1","0.2","0.2","0.4","0.0","$0.2","4138"
"Mike Pelfrey","Mets","-0.6","0.2"," ","0.2","0.6","0.6","0.4","0.0","$0.2","5203"
"Franklin Morales","Red Sox","0.2","0.0"," ","0.1","0.2","0.2","0.4","0.0","$0.2","5088"
"Bobby Abreu","- - -","-1.0","-0.7","-3.8","7.6","-2.4","-6.2","0.4","0.0","$0.2","945"
"Sean Burnett","Nationals","0.3","0.0"," ","0.0","0.1","0.1","0.4","0.0","$0.2","1886"
"Alberto Gonzalez","Rangers","-3.9","0.2","2.0","1.6","0.3","2.3","0.4","0.0","$0.2","4906"
"Rob Scahill","Rockies","0.0","0.0"," ","0.1","0.3","0.3","0.4","0.0","$0.2","9286"
"Carlos Zambrano","Marlins","-3.8","-0.2"," ","1.1","3.3","3.3","0.4","0.0","$0.2","305"
"Anthony Bass","Padres","-4.3","0.9"," ","0.9","2.8","2.8","0.4","0.0","$0.2","7982"
"Alexi Ogando","Rangers","0.2","-0.1"," ","0.1","0.2","0.2","0.4","0.0","$0.2","10261"
"Didi Gregorius","Reds","-1.0","0.4","0.1","0.6","0.2","0.3","0.3","0.0","$0.2","6012"
"John Hester","Angels","-2.7","-0.1","-2.2","2.8","2.2","0.0","0.3","0.0","$0.2","877"
"Santiago Casilla","Giants","0.0","0.0"," ","0.1","0.3","0.3","0.3","0.0","$0.2","2873"
"Tyler Thornburg","Brewers","-0.3","0.0"," ","0.1","0.5","0.5","0.3","0.0","$0.2","10688"
"Chris Rusin","Cubs","-1.2","0.0"," ","0.4","1.1","1.1","0.3","0.0","$0.2","9895"
"Kila Ka'aihue","Athletics","-1.2","-0.4","0.2","4.1","-2.8","-2.7","0.3","0.0","$0.1","4707"
"Luis Avilan","Braves","-0.1","0.0"," ","0.1","0.3","0.3","0.3","0.0","$0.1","2882"
"Sam LeCure","Reds","0.1","0.0"," ","0.1","0.2","0.2","0.3","0.0","$0.1","4664"
"Brandon Gomes","Rays","0.1","0.0"," ","0.1","0.2","0.2","0.3","0.0","$0.1","2267"
"Daniel Hudson","Diamondbacks","-1.7","0.0"," ","0.5","1.5","1.5","0.3","0.0","$0.1","7146"
"Tommy Milone","Athletics","-0.6","0.2"," ","0.1","0.5","0.5","0.3","0.0","$0.1","7608"
"Yu Darvish","Rangers","-0.1","0.0"," ","0.1","0.3","0.3","0.3","0.0","$0.1","13074"
"Esmil Rogers","- - -","-0.1","0.0"," ","0.1","0.3","0.3","0.3","0.0","$0.1","6317"
"Hector Luna","Phillies","-2.4","-0.2","1.5","1.9","-0.7","0.8","0.3","0.0","$0.1","1874"
"Brad Ziegler","Diamondbacks","-0.3","0.1"," ","0.1","0.4","0.4","0.3","0.0","$0.1","7293"
"Hernan Perez","Tigers","0.2","0.0"," ","0.1","0.0","0.0","0.3","0.0","$0.1","5751"
"Sandy Leon","Nationals","0.4","-1.1","-0.9","1.1","0.7","-0.2","0.3","0.0","$0.1","5273"
"Andrew Cashner","Padres","-0.7","0.0"," ","0.2","0.7","0.7","0.2","0.0","$0.1","8782"
"Nick Johnson","Orioles","-0.2","0.1","-0.4","3.0","-2.5","-3.0","0.2","0.0","$0.1","828"
"Ian Kennedy","Diamondbacks","-8.2","-0.6"," ","2.2","6.6","6.6","0.2","0.0","$0.1","6986"
"Andy Pettitte","Yankees","-0.4","0.0"," ","0.1","0.5","0.5","0.2","0.0","$0.1","840"
"Ramiro Pena","Yankees","-0.3","0.0","0.4","0.1","0.0","0.4","0.2","0.0","$0.1","8841"
"Bryan Holaday","Tigers","-0.7","-0.1","0.3","0.4","0.3","0.6","0.2","0.0","$0.1","11287"
"Brandon Guyer","Rays","-0.1","0.1","0.1","0.2","-0.1","0.0","0.2","0.0","$0.1","2636"
"Scott Feldman","Rangers","-0.4","0.0"," ","0.1","0.5","0.5","0.2","0.0","$0.1","6283"
"Jeanmar Gomez","Indians","-0.3","0.0"," ","0.1","0.4","0.4","0.2","0.0","$0.1","9033"
"Chris Schwinden","Mets","-0.3","0.0"," ","0.1","0.4","0.4","0.2","0.0","$0.1","7851"
"Carlos Lee","- - -","-7.3","-2.7","1.1","18.2","-10.8","-9.7","0.2","0.0","$0.1","243"
"Brian Matusz","Orioles","-0.3","0.0"," ","0.1","0.4","0.4","0.2","0.0","$0.1","2646"
"Yovani Gallardo","Brewers","-8.6","-0.4"," ","2.2","6.8","6.8","0.2","0.0","$0.1","8173"
"Francisco Cervelli","Yankees","0.0","0.2","-0.1","0.1","0.0","-0.1","0.2","0.0","$0.1","5275"
"Randy Wells","Cubs","-0.3","0.0"," ","0.1","0.4","0.4","0.1","0.0","$0.1","4535"
"Eric Fryer","Pirates","0.0","0.0"," ","0.1","0.0","0.0","0.1","0.0","$0.1","8145"
"Chien-Ming Wang","Nationals","-0.2","-0.5"," ","0.2","0.6","0.6","0.1","0.0","$0.1","2074"
"Adam Moore","Royals","0.1","0.1","-0.6","0.4","0.1","-0.5","0.1","0.0","$0.1","9362"
"B.J. Rosenberg","Phillies","-0.1","-0.3"," ","0.1","0.4","0.4","0.1","0.0","$0.1","7183"
"Kristopher Negron","Reds","0.0","0.0","0.0","0.1","0.0","0.0","0.1","0.0","$0.0","5306"
"Casey Coleman","Cubs","-0.1","-0.2"," ","0.1","0.3","0.3","0.1","0.0","$0.0","8270"
"Joe Kelly","Cardinals","-4.5","0.3"," ","1.0","3.2","3.2","0.1","0.0","$0.0","9761"
"Brad Lincoln","Pirates","-1.1","0.0"," ","0.3","0.9","0.9","0.1","0.0","$0.0","4241"
"Chad Billingsley","Dodgers","-5.5","-0.4"," ","1.4","4.4","4.4","0.1","0.0","$0.0","5842"
"Tyler Cloyd","Phillies","-1.2","-0.4"," ","0.4","1.3","1.3","0.1","0.0","$0.0","8536"
"Edgar Gonzalez","Astros","-1.1","-0.3"," ","0.4","1.1","1.1","0.1","0.0","$0.0","1727"
"James Shields","Rays","-0.5","0.0"," ","0.1","0.5","0.5","0.1","0.0","$0.0","7059"
"Anthony Recker","- - -","-3.7","0.1","1.0","1.7","0.8","1.8","0.1","0.0","$0.0","4063"
"Jonathan Herrera","Rockies","-10.0","0.7","-0.7","7.4","2.0","1.3","0.1","0.0","$0.0","4182"
"Guillermo Moscoso","Rockies","-1.4","0.0"," ","0.4","1.1","1.1","0.0","0.0","$0.0","5106"
"Bruce Chen","Royals","-0.6","0.0"," ","0.1","0.5","0.5","0.0","0.0","$0.0","769"
"Julio Teheran","Braves","0.0","-0.2"," ","0.1","0.2","0.2","0.0","0.0","$0.0","6797"
"Luke Hochevar","Royals","-0.6","0.0"," ","0.1","0.5","0.5","0.0","0.0","$0.0","6943"
"Adam Rosales","Athletics","-3.2","-1.4","0.5","3.3","0.4","1.0","0.0","0.0","$0.0","9682"
"Philip Humber","White Sox","-0.6","0.0"," ","0.1","0.5","0.5","0.0","0.0","$0.0","8586"
"Jose Quintana","White Sox","-0.6","0.0"," ","0.1","0.5","0.5","0.0","0.0","$0.0","11423"
"Jake Arrieta","Orioles","-0.5","0.0"," ","0.1","0.4","0.4","0.0","0.0","$0.0","4153"
"Ricky Romero","Blue Jays","-0.6","0.0"," ","0.1","0.5","0.5","0.0","0.0","$0.0","3403"
"Lew Ford","Orioles","-3.4","0.2","2.0","2.3","-1.4","0.6","0.0","0.0","$0.0","1724"
"J.C. Boscan","Braves","-1.1","0.0","0.6","0.3","0.2","0.8","0.0","0.0","$0.0","2324"
"Tim Federowicz","Dodgers","0.3","-0.5","0.0","0.1","0.1","0.1","0.0","0.0","$0.0","8609"
"Jerome Williams","Angels","0.0","-0.5"," ","0.1","0.4","0.4","0.0","0.0","$0.0","1137"
"Chris Carpenter","Cardinals","-0.8","0.0"," ","0.2","0.5","0.5","-0.1","0.0","$0.0","1292"
"Eli Whiteside","Giants","-1.4","0.0","0.5","0.4","0.3","0.8","-0.1","0.0","$0.0","3536"
"Avisail Garcia","Tigers","-0.6","-0.1","-0.5","1.5","-0.6","-1.1","-0.1","0.0","$0.0","5760"
"David Price","Rays","-0.7","0.0"," ","0.1","0.5","0.5","-0.1","0.0","$0.0","3184"
"John Lannan","Nationals","-1.4","0.0"," ","0.3","1.0","1.0","-0.1","0.0","$0.0","7080"
"David Phelps","Yankees","0.0","0.0"," ","0.0","-0.1","-0.1","-0.1","0.0","$0.0","6316"
"Kyle Blanks","Padres","-0.2","0.0","0.0","0.2","-0.1","-0.1","-0.1","0.0","($0.1)","49"
"Jeff Bianchi","Brewers","-4.4","0.7","0.4","2.2","0.7","1.1","-0.1","0.0","($0.1)","9958"
"David Cooper","Blue Jays","2.2","-1.9","-2.3","4.3","-2.9","-5.2","-0.1","0.0","($0.1)","7752"
"Brian Bogusevic","Astros","-15.9","1.0","5.0","11.9","-3.4","1.6","-0.1","0.0","($0.1)","4719"
"Livan Hernandez","- - -","-0.7","0.0"," ","0.1","0.5","0.5","-0.1","0.0","($0.1)","1116"
"Alex Hinshaw","Padres","-0.2","0.0"," ","0.0","0.1","0.1","-0.1","0.0","($0.1)","3941"
"Luke Gregerson","Padres","-0.2","0.0"," ","0.0","0.1","0.1","-0.1","0.0","($0.1)","4090"
"Cory Burns","Padres","-0.2","0.0"," ","0.0","0.1","0.1","-0.1","0.0","($0.1)","6620"
"Dustin Moseley","Padres","-0.2","0.0"," ","0.0","0.1","0.1","-0.1","0.0","($0.1)","7060"
"Nick Vincent","Padres","-0.2","0.0"," ","0.0","0.1","0.1","-0.1","0.0","($0.1)","7555"
"Melky Mesa","Yankees","0.2","-0.2","-0.1","0.1","-0.1","-0.2","-0.1","0.0","($0.1)","447"
"Cesar Ramos","Rays","-0.3","0.0"," ","0.0","0.1","0.1","-0.1","0.0","($0.1)","3357"
"Burke Badenhop","Rays","-0.3","0.0"," ","0.0","0.1","0.1","-0.1","0.0","($0.1)","9736"
"Brad Penny","Giants","-0.3","0.0"," ","0.0","0.1","0.1","-0.1","0.0","($0.1)","535"
"Jeremy Affeldt","Giants","-0.3","0.0"," ","0.0","0.1","0.1","-0.1","0.0","($0.1)","583"
"Shane Loux","Giants","-0.3","0.0"," ","0.0","0.1","0.1","-0.1","0.0","($0.1)","1613"
"Steve Edlefsen","Giants","-0.3","0.0"," ","0.0","0.1","0.1","-0.1","0.0","($0.1)","2185"
"Yusmeiro Petit","Giants","-0.3","0.0"," ","0.0","0.1","0.1","-0.1","0.0","($0.1)","4020"
"Jose Mijares","Giants","-0.3","0.0"," ","0.0","0.1","0.1","-0.1","0.0","($0.1)","4140"
"Clay Hensley","Giants","-0.3","0.0"," ","0.0","0.1","0.1","-0.1","0.0","($0.1)","4593"
"Dan Otero","Giants","-0.3","0.0"," ","0.0","0.1","0.1","-0.1","0.0","($0.1)","7385"
"George Kontos","Giants","-0.3","0.0"," ","0.0","0.1","0.1","-0.1","0.0","($0.1)","9486"
"Grant Balfour","Athletics","-0.3","0.0"," ","0.0","0.1","0.1","-0.1","0.0","($0.1)","718"
"Justin Hampson","Mets","-0.3","0.0"," ","0.0","0.1","0.1","-0.1","0.0","($0.1)","2209"
"Elvin Ramirez","Mets","-0.3","0.0"," ","0.0","0.1","0.1","-0.1","0.0","($0.1)","2247"
"Jeurys Familia","Mets","-0.3","0.0"," ","0.0","0.1","0.1","-0.1","0.0","($0.1)","5114"
"Bobby Parnell","Mets","-0.3","0.0"," ","0.0","0.1","0.1","-0.1","0.0","($0.1)","9926"
"Kyle McClellan","Cardinals","-0.3","0.0"," ","0.0","0.1","0.1","-0.1","0.0","($0.1)","4845"
"Fernando Salas","Cardinals","-0.3","0.0"," ","0.0","0.1","0.1","-0.1","0.0","($0.1)","4971"
"Maikel Cleto","Cardinals","-0.3","0.0"," ","0.0","0.1","0.1","-0.1","0.0","($0.1)","5529"
"Barret Browning","Cardinals","-0.3","0.0"," ","0.0","0.1","0.1","-0.1","0.0","($0.1)","9356"
"Tony Watson","Pirates","-0.3","0.0"," ","0.0","0.1","0.1","-0.1","0.0","($0.1)","3132"
"Chris Leroux","Pirates","-0.3","0.0"," ","0.0","0.1","0.1","-0.1","0.0","($0.1)","7645"
"Jared Hughes","Pirates","-0.3","0.0"," ","0.0","0.1","0.1","-0.1","0.0","($0.1)","9325"
"Brian Duensing","Twins","-0.3","0.0"," ","0.0","0.1","0.1","-0.1","0.0","($0.1)","4064"
"Xavier Cedeno","Astros","-0.3","0.0"," ","0.0","0.1","0.1","-0.1","0.0","($0.1)","36"
"Rhiner Cruz","Astros","-0.3","0.0"," ","0.0","0.1","0.1","-0.1","0.0","($0.1)","711"
"Zach Duke","Nationals","-0.3","0.0"," ","0.0","0.1","0.1","-0.1","0.0","($0.1)","3840"
"Ryan Mattheus","Nationals","-0.3","0.0"," ","0.0","0.1","0.1","-0.1","0.0","($0.1)","7169"
"Duane Below","Tigers","-0.3","0.0"," ","0.0","0.1","0.1","-0.1","0.0","($0.1)","3124"
"Luis Marte","Tigers","-0.3","0.0"," ","0.0","0.1","0.1","-0.1","0.0","($0.1)","8651"
"Drew Smyly","Tigers","-0.3","0.0"," ","0.0","0.1","0.1","-0.1","0.0","($0.1)","11760"
"Roman Colon","Royals","-0.3","0.0"," ","0.0","0.1","0.1","-0.1","0.0","($0.1)","2242"
"Tim Collins","Royals","-0.3","0.0"," ","0.0","0.1","0.1","-0.1","0.0","($0.1)","3164"
"Nathan Adcock","Royals","-0.3","0.0"," ","0.0","0.1","0.1","-0.1","0.0","($0.1)","3282"
"Joel Carreno","Blue Jays","-0.3","0.0"," ","0.0","0.1","0.1","-0.1","0.0","($0.1)","2746"
"Henderson Alvarez","Blue Jays","-0.3","0.0"," ","0.0","0.1","0.1","-0.1","0.0","($0.1)","5669"
"Aaron Laffey","Blue Jays","-0.3","0.0"," ","0.0","0.1","0.1","-0.1","0.0","($0.1)","6248"
"Aaron Loup","Blue Jays","-0.3","0.0"," ","0.0","0.1","0.1","-0.1","0.0","($0.1)","10343"
"Freddy Garcia","Yankees","-0.3","0.0"," ","0.0","0.1","0.1","-0.1","0.0","($0.1)","1077"
"Brian Sanches","Phillies","-0.3","0.0"," ","0.0","0.1","0.1","-0.1","0.0","($0.1)","2739"
"David Herndon","Phillies","-0.3","0.0"," ","0.0","0.1","0.1","-0.1","0.0","($0.1)","9264"
"Juan Perez","Brewers","-0.3","0.0"," ","0.0","0.1","0.1","-0.1","0.0","($0.1)","2557"
"Josh Stinson","Brewers","-0.3","0.0"," ","0.0","0.1","0.1","-0.1","0.0","($0.1)","3219"
"Manny Parra","Brewers","-0.3","0.0"," ","0.0","0.1","0.1","-0.1","0.0","($0.1)","4279"
"Kameron Loe","Brewers","-0.3","0.0"," ","0.0","0.1","0.1","-0.1","0.0","($0.1)","4422"
"John Axford","Brewers","-0.3","0.0"," ","0.0","0.1","0.1","-0.1","0.0","($0.1)","9059"
"Chris Hatcher","Marlins","-0.3","0.0"," ","0.0","0.1","0.1","-0.1","0.0","($0.1)","3299"
"Steve Cishek","Marlins","-0.3","0.0"," ","0.0","0.1","0.1","-0.1","0.0","($0.1)","6483"
"Tom Koehler","Marlins","-0.3","0.0"," ","0.0","0.1","0.1","-0.1","0.0","($0.1)","6570"
"Ryan Webb","Marlins","-0.3","0.0"," ","0.0","0.1","0.1","-0.1","0.0","($0.1)","7474"
"Dan Jennings","Marlins","-0.3","0.0"," ","0.0","0.1","0.1","-0.1","0.0","($0.1)","8073"
"Brad Hand","Marlins","-0.3","0.0"," ","0.0","0.1","0.1","-0.1","0.0","($0.1)","9111"
"Mike Dunn","Marlins","-0.3","0.0"," ","0.0","0.1","0.1","-0.1","0.0","($0.1)","9948"
"Todd Redmond","Reds","-0.3","0.0"," ","0.0","0.1","0.1","-0.1","0.0","($0.1)","9943"
"Tony Cingrani","Reds","-0.3","0.0"," ","0.0","0.1","0.1","-0.1","0.0","($0.1)","12555"
"Alex Liddi","Mariners","-3.3","-0.6","-0.1","3.7","-0.3","-0.4","-0.1","0.0","($0.1)","5411"
"Gavin Floyd","White Sox","-0.3","0.0"," ","0.0","0.1","0.1","-0.1","0.0","($0.1)","3886"
"Vicente Padilla","Red Sox","-0.3","0.0"," ","0.0","0.1","0.1","-0.1","0.0","($0.1)","964"
"Clayton Mortensen","Red Sox","-0.3","0.0"," ","0.0","0.1","0.1","-0.1","0.0","($0.1)","3166"
"Jake Westbrook","Cardinals","-7.4","0.1"," ","1.7","5.3","5.3","-0.1","0.0","($0.1)","412"
"Kerry Wood","Cubs","-0.3","0.0"," ","0.0","0.1","0.1","-0.1","0.0","($0.1)","304"
"Manuel Corpas","Cubs","-0.3","0.0"," ","0.0","0.1","0.1","-0.1","0.0","($0.1)","2807"
"James Russell","Cubs","-0.3","0.0"," ","0.0","0.1","0.1","-0.1","0.0","($0.1)","4089"
"Jeff Suppan","Padres","-1.9","0.0"," ","0.4","1.3","1.3","-0.1","0.0","($0.1)","633"
"Mike Carp","Mariners","-2.6","-0.2","-0.6","5.6","-3.0","-3.6","-0.1","0.0","($0.1)","7480"
"Edgmer Escalona","Rockies","-0.3","0.0"," ","0.0","0.1","0.1","-0.2","0.0","($0.1)","8574"
"Edwar Cabrera","Rockies","-0.3","0.0"," ","0.0","0.1","0.1","-0.2","0.0","($0.1)","9211"
"Cliff Lee","Phillies","-9.4","0.4"," ","2.1","6.5","6.5","-0.2","0.0","($0.1)","1636"
"Tommy Field","Rockies","-0.3","0.0","0.0","0.1","0.0","0.0","-0.2","0.0","($0.1)","6262"
"Cord Phelps","Indians","-2.1","0.1","1.0","1.0","-0.3","0.7","-0.2","0.0","($0.1)","8631"
"Brooks Raley","Cubs","-1.2","-0.2"," ","0.3","0.9","0.9","-0.2","0.0","($0.1)","10061"
"C.J. Wilson","Angels","-1.0","0.0"," ","0.2","0.5","0.5","-0.2","0.0","($0.1)","3580"
"Jamie Moyer","Rockies","-2.3","0.0"," ","0.5","1.5","1.5","-0.2","0.0","($0.1)","1091"
"Josh Satin","Mets","-0.3","0.0"," ","0.0","0.0","0.0","-0.2","0.0","($0.1)","6788"
"Wade LeBlanc","Marlins","-2.2","0.0"," ","0.5","1.5","1.5","-0.2","0.0","($0.1)","5221"
"Adam Greenberg","Marlins","-0.3","0.0"," ","0.0","0.0","0.0","-0.2","0.0","($0.1)","4647"
"L.J. Hoes","Orioles","-0.3","0.0"," ","0.0","0.0","0.0","-0.2","0.0","($0.1)","6656"
"Fernando Abad","Astros","-1.1","0.0"," ","0.2","0.6","0.6","-0.2","0.0","($0.1)","4994"
"Kyle McPherson","Pirates","-1.0","0.0"," ","0.2","0.5","0.5","-0.2","0.0","($0.1)","5009"
"Michael Morse","Nationals","6.8","-6.1","-10.0","12.7","-5.0","-15.0","-0.2","0.0","($0.1)","3035"
"Micah Owings","Padres","-0.5","0.0"," ","0.1","0.2","0.2","-0.3","0.0","($0.1)","4253"
"Tim Stauffer","Padres","-0.5","0.0"," ","0.1","0.2","0.2","-0.3","0.0","($0.1)","6432"
"Brad Boxberger","Padres","-0.5","0.0"," ","0.1","0.2","0.2","-0.3","0.0","($0.1)","10133"
"Jeremy Hellickson","Rays","-0.5","0.0"," ","0.1","0.2","0.2","-0.3","0.0","($0.1)","4371"
"Garrett Richards","Angels","-0.5","0.0"," ","0.1","0.2","0.2","-0.3","0.0","($0.1)","9784"
"Justin Masterson","Indians","-0.5","0.0"," ","0.1","0.2","0.2","-0.3","0.0","($0.1)","2038"
"Travis Blackley","Athletics","-0.5","0.0"," ","0.1","0.2","0.2","-0.3","0.0","($0.1)","3234"
"Tyson Ross","Athletics","-0.5","0.0"," ","0.1","0.2","0.2","-0.3","0.0","($0.1)","7872"
"Jamey Wright","Dodgers","-0.5","0.0"," ","0.1","0.2","0.2","-0.3","0.0","($0.1)","715"
"Carl Pavano","Twins","-0.5","0.0"," ","0.1","0.2","0.2","-0.3","0.0","($0.1)","790"
"Nick Blackburn","Twins","-0.5","0.0"," ","0.1","0.2","0.2","-0.3","0.0","($0.1)","4270"
"Anthony Swarzak","Twins","-0.5","0.0"," ","0.1","0.2","0.2","-0.3","0.0","($0.1)","7466"
"Doug Fister","Tigers","-0.5","0.0"," ","0.1","0.2","0.2","-0.3","0.0","($0.1)","9425"
"Luis Mendoza","Royals","-0.5","0.0"," ","0.1","0.2","0.2","-0.3","0.0","($0.1)","3126"
"Brett Cecil","Blue Jays","-0.5","0.0"," ","0.1","0.2","0.2","-0.3","0.0","($0.1)","2660"
"Kyle Drabek","Blue Jays","-0.5","0.0"," ","0.1","0.2","0.2","-0.3","0.0","($0.1)","4359"
"Drew Hutchison","Blue Jays","-0.5","0.0"," ","0.1","0.2","0.2","-0.3","0.0","($0.1)","10732"
"Tommy Hunter","Orioles","-0.5","0.0"," ","0.1","0.2","0.2","-0.3","0.0","($0.1)","1157"
"Hiroki Kuroda","Yankees","-0.5","0.0"," ","0.1","0.2","0.2","-0.3","0.0","($0.1)","3283"
"Phil Hughes","Yankees","-0.5","0.0"," ","0.1","0.2","0.2","-0.3","0.0","($0.1)","7450"
"Joe Savery","Phillies","-0.5","0.0"," ","0.1","0.2","0.2","-0.3","0.0","($0.1)","2835"
"Mike McClendon","Brewers","-0.5","0.0"," ","0.1","0.2","0.2","-0.3","0.0","($0.1)","9587"
"Liam Hendriks","Twins","-0.5","0.0"," ","0.1","0.2","0.2","-0.3","0.0","($0.1)","3548"
"Felix Doubront","Red Sox","-0.5","0.0"," ","0.1","0.2","0.2","-0.3","0.0","($0.1)","1478"
"Daniel Bard","Red Sox","-0.5","0.0"," ","0.1","0.2","0.2","-0.3","0.0","($0.1)","7115"
"Daisuke Matsuzaka","Red Sox","-0.5","0.0"," ","0.1","0.2","0.2","-0.3","0.0","($0.1)","7775"
"Scott Maine","Cubs","-0.5","0.0"," ","0.1","0.2","0.2","-0.3","0.0","($0.1)","885"
"Michael Bowden","Cubs","-0.5","0.0"," ","0.1","0.2","0.2","-0.3","0.0","($0.1)","4440"
"Derek Holland","Rangers","-0.5","0.0"," ","0.1","0.2","0.2","-0.3","0.0","($0.1)","4141"
"Robbie Ross","Rangers","-0.5","0.0"," ","0.1","0.2","0.2","-0.3","0.0","($0.1)","6819"
"Brad Bergesen","Diamondbacks","-0.5","0.0"," ","0.1","0.2","0.2","-0.3","0.0","($0.1)","8375"
"Clete Thomas","- - -","-2.8","0.2","1.6","0.9","-0.3","1.3","-0.3","0.0","($0.1)","3373"
"Neftali Feliz","Rangers","-0.5","0.0"," ","0.1","0.2","0.2","-0.3","0.0","($0.1)","18"
"Jake Peavy","White Sox","-1.3","0.4"," ","0.1","0.5","0.5","-0.3","0.0","($0.1)","1051"
"Ivan Nova","Yankees","-1.4","0.0"," ","0.3","0.8","0.8","-0.3","0.0","($0.1)","1994"
"Jeremy Hefner","Mets","-3.5","0.0"," ","0.8","2.4","2.4","-0.3","0.0","($0.1)","1989"
"Matt Young","Tigers","-1.2","0.0","0.6","0.3","-0.1","0.6","-0.3","0.0","($0.2)","8989"
"Scott Diamond","Twins","-1.2","-0.1"," ","0.2","0.7","0.7","-0.3","0.0","($0.2)","5089"
"Kip Wells","Padres","-2.1","0.0"," ","0.4","1.3","1.3","-0.3","0.0","($0.2)","1012"
"Devin Mesoraco","Reds","-7.2","-0.7","-2.0","5.4","3.6","1.6","-0.4","0.0","($0.2)","5666"
"Casey Kelly","Padres","-1.3","-0.6"," ","0.4","1.1","1.1","-0.4","0.0","($0.2)","9174"
"Blake Beavan","Mariners","-0.7","0.0"," ","0.1","0.3","0.3","-0.4","0.0","($0.2)","338"
"Erasmo Ramirez","Mariners","-0.7","0.0"," ","0.1","0.3","0.3","-0.4","0.0","($0.2)","10314"
"Miles Mikolas","Padres","-0.7","0.0"," ","0.1","0.3","0.3","-0.4","0.0","($0.2)","9803"
"Eric Hacker","Giants","-0.8","0.0"," ","0.1","0.3","0.3","-0.4","0.0","($0.2)","8743"
"Francisco Liriano","Twins","-0.8","0.0"," ","0.1","0.3","0.3","-0.4","0.0","($0.2)","3201"
"Cristhian Martinez","Braves","-0.8","0.0"," ","0.1","0.3","0.3","-0.4","0.0","($0.2)","5337"
"Wesley Wright","Astros","-0.8","0.0"," ","0.1","0.3","0.3","-0.4","0.0","($0.2)","5960"
"Fernando Rodriguez","Astros","-0.8","0.0"," ","0.1","0.3","0.3","-0.4","0.0","($0.2)","7558"
"Rick Porcello","Tigers","-0.8","0.0"," ","0.1","0.3","0.3","-0.4","0.0","($0.2)","2717"
"Jesse Chavez","Blue Jays","-0.8","0.0"," ","0.1","0.3","0.3","-0.4","0.0","($0.2)","5448"
"Adam Lind","Blue Jays","-1.5","-3.5","0.6","10.4","-7.6","-7.0","-0.4","0.0","($0.2)","8027"
"Chris Narveson","Brewers","-0.8","0.0"," ","0.1","0.3","0.3","-0.4","0.0","($0.2)","2141"
"John Danks","White Sox","-0.8","0.0"," ","0.1","0.3","0.3","-0.4","0.0","($0.2)","6329"
"Chris Sale","White Sox","-0.8","0.0"," ","0.1","0.3","0.3","-0.4","0.0","($0.2)","10603"
"Clay Buchholz","Red Sox","-0.8","0.0"," ","0.1","0.3","0.3","-0.4","0.0","($0.2)","3543"
"Wil Nieves","- - -","-1.6","-1.4","-1.7","2.6","1.5","-0.2","-0.4","0.0","($0.2)","1556"
"Luis Hernandez","Rangers","-0.5","0.0","0.0","0.1","0.0","0.0","-0.4","0.0","($0.2)","3206"
"Craig Breslow","Diamondbacks","-0.8","0.0"," ","0.1","0.3","0.3","-0.4","0.0","($0.2)","4363"
"Bryan Anderson","Cardinals","0.0","-0.1","-0.7","0.4","0.0","-0.7","-0.4","0.0","($0.2)","9871"
"Adam Wainwright","Cardinals","-9.1","-0.2"," ","2.1","6.5","6.5","-0.4","0.0","($0.2)","2233"
"Brett Carroll","Nationals","-0.5","0.0"," ","0.1","0.0","0.0","-0.4","0.0","($0.2)","8066"
"Jurickson Profar","Rangers","-0.8","0.0","-0.4","0.5","0.1","-0.2","-0.4","0.0","($0.2)","10815"
"Matt Belisle","Rockies","-0.8","0.0"," ","0.1","0.3","0.3","-0.5","0.0","($0.2)","1837"
"Rex Brothers","Rockies","-0.8","0.0"," ","0.1","0.3","0.3","-0.5","0.0","($0.2)","9794"
"Chris Resop","Pirates","-0.6","-0.5"," ","0.1","0.5","0.5","-0.5","0.0","($0.2)","3799"
"Wily Peralta","Brewers","-1.8","0.0"," ","0.3","1.0","1.0","-0.5","-0.1","($0.2)","7738"
"Steven Hill","Cardinals","-0.8","0.0"," ","0.3","0.0","0.0","-0.5","-0.1","($0.2)","8211"
"Chris Young","Mets","-4.6","-0.3"," ","1.1","3.3","3.3","-0.5","-0.1","($0.2)","3196"
"Wade Miley","Diamondbacks","-9.1","-0.6"," ","2.2","6.8","6.8","-0.5","-0.1","($0.2)","8779"
"Jerry Sands","Dodgers","-2.1","0.0","1.1","0.7","-0.3","0.8","-0.5","-0.1","($0.2)","4016"
"Bartolo Colon","Athletics","-1.0","0.0"," ","0.1","0.4","0.4","-0.5","-0.1","($0.2)","375"
"Mark Reynolds","Orioles","5.4","-2.0","-12.2","15.9","-9.3","-21.5","-0.5","-0.1","($0.2)","7619"
"Collin McHugh","Mets","-1.0","0.0"," ","0.1","0.4","0.4","-0.5","-0.1","($0.2)","7531"
"Steven Lerud","Phillies","-1.2","0.0","0.2","0.3","0.2","0.4","-0.5","-0.1","($0.2)","113"
"Juan Nicasio","Rockies","-3.1","0.0"," ","0.6","1.9","1.9","-0.5","-0.1","($0.2)","7731"
"Jack Hannahan","Indians","-5.4","-2.1","-4.6","9.4","1.2","-3.4","-0.5","-0.1","($0.2)","3692"
"James Darnell","Padres","0.5","0.0","-1.5","0.6","-0.1","-1.6","-0.5","-0.1","($0.3)","9060"
"Max Scherzer","Tigers","-1.0","0.0"," ","0.1","0.4","0.4","-0.5","-0.1","($0.3)","3137"
"Wei-Yin Chen","Orioles","-1.0","0.0"," ","0.1","0.4","0.4","-0.5","-0.1","($0.3)","13071"
"Rob Johnson","Mets","-3.2","0.7","-1.1","1.7","1.2","0.1","-0.5","-0.1","($0.3)","8029"
"Alfredo Simon","Reds","-1.0","0.0"," ","0.1","0.4","0.4","-0.5","-0.1","($0.3)","2155"
"Matt Reynolds","Rockies","-1.1","0.0"," ","0.1","0.4","0.4","-0.6","-0.1","($0.3)","8887"
"Josh Thole","Mets","-16.7","-2.9","0.7","10.5","6.8","7.5","-0.6","-0.1","($0.3)","9689"
"Guillermo Quiroz","Red Sox","-0.5","0.0","-0.2","0.1","0.0","-0.2","-0.6","-0.1","($0.3)","7989"
"Josh Outman","Rockies","-2.3","0.1"," ","0.4","1.2","1.2","-0.6","-0.1","($0.3)","4004"
"Eric Farris","Brewers","-1.1","0.2","0.0","0.3","0.0","0.0","-0.6","-0.1","($0.3)","2066"
"Kevin Millwood","Mariners","-1.2","0.0"," ","0.1","0.5","0.5","-0.6","-0.1","($0.3)","106"
"Eric Sogard","Athletics","-8.9","0.7","3.3","3.2","0.7","4.0","-0.6","-0.1","($0.3)","7927"
"Matt Moore","Rays","-1.3","0.0"," ","0.1","0.5","0.5","-0.6","-0.1","($0.3)","1890"
"Edwin Maysonet","Brewers","-2.0","-0.7","-0.8","1.9","0.6","-0.2","-0.6","-0.1","($0.3)","5735"
"Ervin Santana","Angels","-1.3","0.0"," ","0.1","0.5","0.5","-0.6","-0.1","($0.3)","3200"
"Ubaldo Jimenez","Indians","-1.3","0.0"," ","0.1","0.5","0.5","-0.6","-0.1","($0.3)","3374"
"Jenrry Mejia","Mets","-1.3","0.0"," ","0.1","0.5","0.5","-0.6","-0.1","($0.3)","8476"
"Kyle Weiland","Astros","-1.5","0.1"," ","0.2","0.5","0.5","-0.7","-0.1","($0.3)","7874"
"Manny Pina","Royals","-0.5","0.0","-0.2","0.1","0.0","-0.2","-0.7","-0.1","($0.3)","2829"
"CC Sabathia","Yankees","-1.3","0.0"," ","0.1","0.5","0.5","-0.7","-0.1","($0.3)","404"
"Mat Gamel","Brewers","-2.5","1.3","-0.6","2.2","-1.3","-1.9","-0.7","-0.1","($0.3)","4034"
"Casey McGehee","- - -","-9.9","-0.9","3.4","10.4","-4.8","-1.4","-0.7","-0.1","($0.3)","6086"
"Trevor Bauer","Diamondbacks","-1.3","0.0"," ","0.1","0.5","0.5","-0.7","-0.1","($0.3)","12703"
"Jason Berken","Cubs","-1.3","0.0"," ","0.1","0.5","0.5","-0.7","-0.1","($0.3)","5673"
"Luke Carlin","Indians","-1.1","-0.2","-0.2","0.4","0.3","0.1","-0.7","-0.1","($0.3)","4666"
"Josh Roenicke","Rockies","-2.3","0.0"," ","0.4","1.2","1.2","-0.7","-0.1","($0.3)","3241"
"Mauro Gomez","Red Sox","-0.1","0.4","-3.0","3.3","-1.6","-4.6","-0.7","-0.1","($0.3)","5342"
"Carlos Peguero","Mariners","-3.5","0.0","1.9","1.7","-1.0","0.9","-0.7","-0.1","($0.3)","8760"
"Jonathan Sanchez","- - -","-1.3","0.0"," ","0.1","0.5","0.5","-0.7","-0.1","($0.3)","7507"
"Jeff Locke","Pirates","-2.1","0.0"," ","0.3","1.0","1.0","-0.7","-0.1","($0.4)","2929"
"Henry Blanco","Diamondbacks","-5.6","0.5","0.8","2.0","1.4","2.2","-0.8","-0.1","($0.4)","81"
"Jair Jurrjens","Braves","-2.8","0.0"," ","0.5","1.5","1.5","-0.8","-0.1","($0.4)","5556"
"Lyle Overbay","- - -","-1.2","-2.8","0.8","3.9","-1.8","-1.0","-0.8","-0.1","($0.4)","1617"
"Hank Conger","Angels","-2.1","0.0","0.2","0.6","0.5","0.6","-0.8","-0.1","($0.4)","2505"
"Chris Archer","Rays","-0.8","-0.4"," ","0.1","0.3","0.3","-0.8","-0.1","($0.4)","6345"
"J.A. Happ","Astros","-5.9","0.2"," ","1.2","3.6","3.6","-0.8","-0.1","($0.4)","7410"
"Kole Calhoun","Angels","-2.4","0.1","1.1","0.7","-0.4","0.7","-0.8","-0.1","($0.4)","11200"
"Ali Solis","Padres","-1.0","0.0","0.0","0.1","0.0","0.0","-0.8","-0.1","($0.4)","8848"
"Jon Lester","Red Sox","-1.6","0.0"," ","0.2","0.5","0.5","-0.8","-0.1","($0.4)","4930"
"Andy Parrino","Padres","-6.4","0.6","-0.7","4.1","1.1","0.5","-0.8","-0.1","($0.4)","3972"
"Rick Ankiel","Nationals","-3.7","-1.4","-1.9","5.1","0.7","-1.2","-0.8","-0.1","($0.4)","1142"
"Joe Mahoney","Orioles","-1.0","0.0","0.1","0.1","-0.1","0.0","-0.9","-0.1","($0.4)","8179"
"Tyler Graham","Diamondbacks","-0.5","-0.4","0.0","0.1","0.0","0.0","-0.9","-0.1","($0.4)","6220"
"Dan Haren","Angels","-1.8","0.0"," ","0.2","0.6","0.6","-0.9","-0.1","($0.4)","1757"
"Jarrod Parker","Athletics","-1.8","0.0"," ","0.2","0.6","0.6","-0.9","-0.1","($0.4)","4913"
"Clint Robinson","Royals","-1.0","0.0"," ","0.1","0.0","0.0","-0.9","-0.1","($0.4)","6908"
"Bronson Arroyo","Reds","-9.5","-0.1"," ","2.1","6.5","6.5","-0.9","-0.1","($0.4)","978"
"Nick Green","Marlins","-1.9","0.0","0.1","0.7","0.1","0.2","-0.9","-0.1","($0.4)","1502"
"Miguel Batista","Mets","-1.8","0.0"," ","0.2","0.6","0.6","-0.9","-0.1","($0.4)","46"
"Ryan Theriot","Giants","-9.1","1.9","-7.4","11.3","1.2","-6.2","-0.9","-0.1","($0.4)","3811"
"Chris Volstad","Cubs","-4.6","-0.5"," ","1.0","3.1","3.1","-0.9","-0.1","($0.4)","9901"
"Mark Kotsay","Padres","-1.9","-1.7","-1.2","4.6","-1.2","-2.4","-0.9","-0.1","($0.4)","1042"
"Jason Hammel","Orioles","-1.8","0.0"," ","0.2","0.6","0.6","-0.9","-0.1","($0.4)","4538"
"Steve Tolleson","Orioles","-5.2","-0.1","2.3","2.2","-0.4","1.9","-1.0","-0.1","($0.5)","4450"
"Adam Ottavino","Rockies","-2.3","-0.1"," ","0.4","1.1","1.1","-1.0","-0.1","($0.5)","1247"
"Tim Lincecum","Giants","-7.9","-0.6"," ","1.8","5.5","5.5","-1.0","-0.1","($0.5)","5705"
"Dallas Keuchel","Astros","-4.5","0.2"," ","0.8","2.5","2.5","-1.0","-0.1","($0.5)","9434"
"Ted Lilly","Dodgers","-3.5","0.0"," ","0.6","1.8","1.8","-1.0","-0.1","($0.5)","833"
"Henry Rodriguez","Reds","-0.6","-0.1","-0.9","0.5","0.0","-0.9","-1.0","-0.1","($0.5)","7983"
"Brad Eldred","Tigers","-0.8","-0.2"," ","0.5","-0.5","-0.5","-1.0","-0.1","($0.5)","4328"
"Mike Jacobs","Diamondbacks","-1.0","0.1","-0.6","0.7","-0.2","-0.9","-1.0","-0.1","($0.5)","2231"
"Brandon Allen","- - -","-2.0","0.2","0.4","0.6","-0.3","0.1","-1.1","-0.1","($0.5)","7436"
"Craig Stammen","Nationals","-2.1","0.0"," ","0.2","0.7","0.7","-1.1","-0.1","($0.5)","7274"
"Armando Galarraga","Astros","-2.1","0.0"," ","0.2","0.7","0.7","-1.1","-0.1","($0.5)","4222"
"Justin Verlander","Tigers","-2.1","0.0"," ","0.2","0.7","0.7","-1.1","-0.1","($0.5)","8700"
"Chad Gaudin","Marlins","-2.1","0.0"," ","0.2","0.7","0.7","-1.1","-0.1","($0.5)","1783"
"Matt LaPorta","Indians","-2.5","0.1","0.9","1.8","-1.6","-0.7","-1.1","-0.1","($0.5)","2280"
"Shaun Marcum","Brewers","-6.3","-0.3"," ","1.3","4.0","4.0","-1.1","-0.1","($0.5)","6204"
"Lonnie Chisenhall","Indians","1.1","-0.2","-6.4","4.5","-0.5","-7.0","-1.1","-0.1","($0.5)","7571"
"Chase d'Arnaud","Pirates","-1.5","0.2","0.0","0.2","0.0","0.0","-1.1","-0.1","($0.5)","6652"
"Yorvit Torrealba","- - -","-8.4","-1.9","-2.0","6.4","4.0","2.0","-1.1","-0.1","($0.5)","1135"
"Brett Wallace","Astros","1.1","-1.0","-5.5","7.5","-3.9","-9.4","-1.2","-0.1","($0.6)","8434"
"Anibal Sanchez","Marlins","-5.4","-0.1"," ","1.0","3.2","3.2","-1.2","-0.1","($0.6)","3284"
"Brandon Hicks","Athletics","-2.2","-0.2","-1.8","2.1","0.7","-1.1","-1.2","-0.1","($0.6)","4003"
"Zach Lutz","Mets","-2.1","0.1","0.4","0.3","-0.1","0.4","-1.2","-0.1","($0.6)","3735"
"Jeff Karstens","Pirates","-5.2","0.4"," ","0.9","2.6","2.6","-1.2","-0.1","($0.6)","5879"
"Tyler Skaggs","Diamondbacks","-2.4","0.0"," ","0.3","0.8","0.8","-1.3","-0.1","($0.6)","10190"
"Patrick Corbin","Diamondbacks","-6.7","0.2"," ","1.3","3.9","3.9","-1.3","-0.1","($0.6)","9323"
"Cesar Izturis","- - -","-8.9","-0.4","0.6","5.1","1.9","2.4","-1.3","-0.1","($0.6)","656"
"Ryan Langerhans","Angels","-0.5","0.0","-0.8","0.1","0.0","-0.8","-1.3","-0.1","($0.6)","98"
"Jean Segura","- - -","-6.0","1.7","-4.4","4.9","2.0","-2.4","-1.3","-0.1","($0.6)","5933"
"Carlos Maldonado","Nationals","-1.9","0.0","-0.1","0.4","0.2","0.2","-1.3","-0.1","($0.6)","2034"
"Mike McCoy","Blue Jays","-4.6","-0.3","2.0","1.7","-0.3","1.7","-1.3","-0.1","($0.6)","4583"
"Lars Anderson","Red Sox","-1.4","0.0","-0.2","0.2","-0.1","-0.2","-1.3","-0.1","($0.6)","9018"
"Drew Butera","Twins","-6.7","-0.4","-0.8","3.6","2.6","1.8","-1.4","-0.1","($0.6)","3411"
"R.A. Dickey","Mets","-11.5","-0.1"," ","2.5","7.5","7.5","-1.4","-0.1","($0.7)","1245"
"Tyler Greene","- - -","-7.5","1.6","-8.4","9.7","2.2","-6.2","-1.4","-0.1","($0.7)","4675"
"Yan Gomes","Blue Jays","-4.2","-1.1","1.1","3.3","-0.8","0.3","-1.4","-0.1","($0.7)","9627"
"Koyie Hill","Cubs","-5.0","0.6","1.0","1.2","0.7","1.7","-1.4","-0.1","($0.7)","1829"
"Roy Halladay","Phillies","-7.9","-0.6"," ","1.7","5.2","5.2","-1.4","-0.1","($0.7)","1303"
"Marco Estrada","Brewers","-6.8","-0.2"," ","1.3","4.1","4.1","-1.4","-0.2","($0.7)","1118"
"Xavier Avery","Orioles","-2.9","0.7","-1.4","3.2","-1.3","-2.7","-1.5","-0.2","($0.7)","8471"
"Kosuke Fukudome","White Sox","-3.6","-1.7","2.8","1.5","-0.7","2.2","-1.5","-0.2","($0.7)","3263"
"Matt Harrison","Rangers","-1.8","-0.5"," ","0.2","0.6","0.6","-1.5","-0.2","($0.7)","5551"
"Logan Morrison","Marlins","-4.0","-0.4","-3.8","9.9","-4.1","-7.9","-1.5","-0.2","($0.7)","9205"
"Ross Ohlendorf","Padres","-3.5","-0.1"," ","0.5","1.5","1.5","-1.5","-0.2","($0.7)","8268"
"Josh Collmenter","Diamondbacks","-4.3","0.0"," ","0.7","2.1","2.1","-1.5","-0.2","($0.7)","7312"
"Marwin Gonzalez","Astros","-9.0","-4.3","2.8","6.5","1.9","4.7","-1.5","-0.2","($0.7)","5497"
"Cory Luebke","Padres","-3.0","0.0"," ","0.4","1.1","1.1","-1.5","-0.2","($0.7)","1984"
"Sean Burroughs","Twins","-2.3","0.0","0.3","0.5","-0.1","0.2","-1.6","-0.2","($0.7)","1021"
"Andrew Werner","Padres","-2.7","-0.6"," ","0.4","1.3","1.3","-1.6","-0.2","($0.7)","11783"
"Ben Sheets","Braves","-3.7","0.0"," ","0.5","1.5","1.5","-1.6","-0.2","($0.8)","710"
"Ryan Jackson","Cardinals","-2.6","0.2","0.2","0.5","0.1","0.2","-1.6","-0.2","($0.8)","6596"
"Lucas Harrell","Astros","-8.9","-0.5"," ","1.9","5.7","5.7","-1.7","-0.2","($0.8)","7541"
"Aubrey Huff","Giants","-2.5","-0.7","-0.6","2.8","-0.9","-1.5","-1.7","-0.2","($0.8)","1213"
"Che-Hsuan Lin","Red Sox","-1.0","0.0","-1.0","0.4","-0.1","-1.1","-1.7","-0.2","($0.8)","3734"
"Ivan De Jesus","- - -","-2.5","0.0","-0.6","1.3","-0.1","-0.7","-1.7","-0.2","($0.8)","9886"
"Will Rhymes","Rays","-5.0","0.7","-2.4","4.0","0.5","-1.9","-1.7","-0.2","($0.8)","9802"
"Steve Pearce","- - -","-1.8","-1.5","-1.9","5.6","-2.7","-4.6","-1.7","-0.2","($0.8)","9957"
"Jason Repko","Red Sox","-2.2","-0.4","0.4","0.3","0.1","0.5","-1.7","-0.2","($0.8)","2628"
"Erik Bedard","Pirates","-6.9","-0.3"," ","1.3","4.0","4.0","-1.8","-0.2","($0.8)","126"
"Taylor Green","Brewers","-5.2","-0.1","0.7","3.5","-1.0","-0.2","-1.8","-0.2","($0.8)","9147"
"Pedro Florimon","Twins","-7.3","1.4","-2.6","4.4","1.9","-0.7","-1.8","-0.2","($0.8)","8385"
"Ryan Dempster","Cubs","-5.9","0.0"," ","1.0","3.0","3.0","-1.8","-0.2","($0.9)","517"
"Christian Friedrich","Rockies","-4.8","-0.6"," ","0.9","2.6","2.6","-1.8","-0.2","($0.9)","7942"
"Jesus Flores","Nationals","-17.4","-1.1","1.2","8.7","5.9","7.1","-1.8","-0.2","($0.9)","4166"
"Ryan Vogelsong","Giants","-9.6","-0.4"," ","1.9","6.0","6.0","-1.9","-0.2","($0.9)","1011"
"Johnny Damon","Indians","-7.6","0.5","0.5","6.6","-2.6","-2.1","-1.9","-0.2","($0.9)","185"
"Nathan Eovaldi","- - -","-6.3","0.0"," ","1.1","3.3","3.3","-1.9","-0.2","($0.9)","9132"
"Juan Diaz","Indians","-0.3","-0.1","-2.3","0.5","0.2","-2.1","-1.9","-0.2","($0.9)","9235"
"Russ Canzler","Indians","-1.0","0.4","-2.8","2.9","-1.6","-4.4","-1.9","-0.2","($0.9)","8265"
"Kevin Mattison","Marlins","-1.3","0.0","-0.8","0.1","0.0","-0.8","-1.9","-0.2","($0.9)","6635"
"Nate Spears","Red Sox","-1.0","0.0","-1.0","0.1","0.0","-1.0","-1.9","-0.2","($0.9)","6026"
"Michael Taylor","Athletics","-2.9","0.0","0.5","0.6","-0.2","0.2","-2.0","-0.2","($0.9)","2591"
"Charlie Morton","Pirates","-3.8","0.0"," ","0.4","1.4","1.4","-2.0","-0.2","($0.9)","4676"
"Justin Germano","Cubs","-4.6","-0.3"," ","0.7","2.2","2.2","-2.0","-0.2","($0.9)","1938"
"Matt Treanor","Dodgers","-6.3","-1.1","-1.1","3.6","2.5","1.4","-2.0","-0.2","($0.9)","2265"
"Danny Worth","Tigers","-3.3","-1.0","-1.0","2.7","0.3","-0.7","-2.0","-0.2","($0.9)","198"
"Blake Tekotte","Padres","-2.3","0.2","-0.3","0.4","-0.1","-0.4","-2.0","-0.2","($0.9)","8810"
"Adeiny Hechavarria","Blue Jays","-4.5","-0.8","-2.3","4.0","1.0","-1.3","-2.0","-0.2","($1.0)","10459"
"Scott Van Slyke","Dodgers","-4.2","0.0","1.1","1.7","-0.8","0.3","-2.0","-0.2","($1.0)","4365"
"Brock Holt","Pirates","-1.0","-1.1","-2.5","2.1","0.2","-2.3","-2.0","-0.2","($1.0)","9345"
"Tony Abreu","Royals","-2.5","-1.5","-0.6","2.2","0.2","-0.4","-2.0","-0.2","($1.0)","5053"
"Ray Olmedo","White Sox","-3.1","0.2","-0.8","1.2","0.1","-0.7","-2.1","-0.2","($1.0)","1718"
"Donnie Murphy","Marlins","-3.9","-0.4","-2.5","3.8","0.5","-2.0","-2.1","-0.2","($1.0)","4704"
"Matt Hague","Pirates","-4.7","0.8","0.7","2.2","-1.4","-0.7","-2.1","-0.2","($1.0)","7772"
"Jacob Turner","Marlins","-4.2","0.0"," ","0.5","1.5","1.5","-2.2","-0.2","($1.0)","10185"
"Konrad Schmidt","Diamondbacks","-1.6","0.0","-1.0","0.2","0.1","-0.9","-2.2","-0.2","($1.0)","7178"
"Randy Wolf","Brewers","-7.2","-0.7"," ","1.4","4.2","4.2","-2.2","-0.2","($1.0)","976"
"Jeff Samardzija","Cubs","-9.4","-0.3"," ","1.8","5.5","5.5","-2.2","-0.2","($1.1)","3254"
"Josh Beckett","- - -","-4.9","-0.1"," ","0.6","2.0","2.0","-2.3","-0.2","($1.1)","510"
"Geoff Blum","Diamondbacks","-4.2","-0.1","1.0","0.9","0.1","1.0","-2.3","-0.2","($1.1)","550"
"Barry Zito","Giants","-10.1","-0.7"," ","2.0","6.3","6.3","-2.3","-0.2","($1.1)","944"
"Clayton Richard","Padres","-12.6","0.6"," ","2.3","7.2","7.2","-2.3","-0.2","($1.1)","3551"
"Luis Exposito","Orioles","-3.2","-0.5","0.2","0.6","0.5","0.7","-2.3","-0.2","($1.1)","4398"
"Jeff Clement","Pirates","-2.6","-0.1","-0.3","0.7","-0.1","-0.4","-2.3","-0.2","($1.1)","4652"
"Shelley Duncan","Indians","-3.9","0.1","-3.2","7.8","-4.0","-7.1","-2.4","-0.2","($1.1)","3620"
"Jason Giambi","Rockies","-3.1","-0.3","-1.3","3.3","-1.4","-2.8","-2.4","-0.3","($1.1)","818"
"Gorkys Hernandez","- - -","-9.2","1.3","-0.3","5.1","0.2","-0.2","-2.5","-0.3","($1.2)","4146"
"Jeremy Guthrie","Rockies","-6.0","-0.3"," ","0.9","2.7","2.7","-2.5","-0.3","($1.2)","2072"
"Brooks Conrad","- - -","-8.8","0.0","3.0","3.1","-0.1","2.9","-2.5","-0.3","($1.2)","3664"
"Matt Adams","Cardinals","-1.8","-1.2","-0.8","2.7","-1.7","-2.5","-2.5","-0.3","($1.2)","9393"
"Omir Santos","Tigers","-1.8","0.0","-1.3","0.3","0.2","-1.1","-2.5","-0.3","($1.2)","3583"
"Eduardo Escobar","- - -","-9.1","0.2","0.9","4.3","0.6","1.5","-2.5","-0.3","($1.2)","6153"
"Joe Saunders","Diamondbacks","-7.6","-0.6"," ","1.4","4.2","4.2","-2.6","-0.3","($1.2)","4366"
"Fred Lewis","Mets","-1.8","-0.2","-1.3","0.7","-0.1","-1.5","-2.6","-0.3","($1.2)","4693"
"Taylor Teagarden","Orioles","-4.2","-1.0","-0.7","1.9","1.2","0.5","-2.6","-0.3","($1.2)","5199"
"Orlando Hudson","- - -","-15.0","-1.0","3.5","8.4","0.6","4.1","-2.6","-0.3","($1.2)","1307"
"Mike Fiers","Brewers","-7.3","0.0"," ","1.1","3.5","3.5","-2.7","-0.3","($1.3)","7754"
"Paul Janish","Braves","-12.8","-1.2","3.0","5.5","2.3","5.3","-2.7","-0.3","($1.3)","7412"
"Adrian Cardenas","Cubs","-4.4","0.2","-0.7","2.0","0.1","-0.6","-2.7","-0.3","($1.3)","9514"
"Johan Santana","Mets","-7.7","0.0"," ","1.2","3.6","3.6","-2.8","-0.3","($1.3)","755"
"Mitch Maier","Royals","-3.9","0.9","-1.8","2.2","-0.5","-2.2","-2.8","-0.3","($1.3)","5588"
"Chris Nelson","Rockies","1.8","0.2","-18.4","11.1","1.4","-17.0","-2.8","-0.3","($1.3)","8175"
"Drew Sutton","- - -","-1.9","-1.0","-3.7","3.8","-0.6","-4.2","-2.8","-0.3","($1.3)","7430"
"Chris Capuano","Dodgers","-11.6","0.3"," ","2.0","6.3","6.3","-2.8","-0.3","($1.3)","1701"
"Stephen Drew","- - -","-7.8","-2.1","-7.0","9.7","3.4","-3.6","-2.9","-0.3","($1.4)","4251"
"Bud Norris","Astros","-10.3","0.0"," ","1.8","5.5","5.5","-2.9","-0.3","($1.4)","9492"
"Tony Gwynn","Dodgers","-14.2","0.1","2.4","8.2","-0.2","2.2","-2.9","-0.3","($1.4)","6141"
"Gaby Sanchez","- - -","-12.7","0.3","4.8","9.6","-6.0","-1.2","-3.0","-0.3","($1.4)","3361"
"Ronny Paulino","Orioles","-3.8","0.6","-1.8","1.9","-0.1","-1.9","-3.0","-0.3","($1.4)","2129"
"Matt Carson","Twins","-5.6","0.1","1.2","2.0","-1.0","0.3","-3.0","-0.3","($1.4)","4748"
"Gil Velazquez","Marlins","-4.7","-0.1","-0.3","1.7","0.2","-0.1","-3.1","-0.3","($1.4)","2070"
"Alex Castellanos","Dodgers","-1.4","-0.1","-2.2","0.7","-0.3","-2.4","-3.1","-0.3","($1.4)","7223"
"Reid Brignac","Rays","-3.5","0.0","-0.6","0.6","0.3","-0.3","-3.1","-0.3","($1.5)","8380"
"Luis Jimenez","Mariners","-3.2","-0.1"," ","0.5","-0.4","-0.4","-3.1","-0.3","($1.5)","2602"
"Vance Worley","Phillies","-8.5","-0.1"," ","1.3","4.0","4.0","-3.1","-0.3","($1.5)","6435"
"Luis Martinez","Rangers","-3.0","0.0","-1.2","0.6","0.5","-0.8","-3.1","-0.3","($1.5)","2481"
"Franklin Gutierrez","Mariners","0.9","-1.1","-8.8","4.8","0.4","-8.3","-3.2","-0.3","($1.5)","3255"
"Rich Thompson","Rays","-3.4","0.8","-0.8","0.7","-0.5","-1.4","-3.2","-0.3","($1.5)","1883"
"Jason Donald","Indians","-8.5","0.6","0.1","4.0","0.1","0.2","-3.2","-0.3","($1.5)","9331"
"Munenori Kawasaki","Mariners","-8.7","-0.9","1.5","3.4","1.1","2.6","-3.2","-0.3","($1.5)","13047"
"Jordan Pacheco","Rockies","-4.7","-1.0","-12.6","14.9","-1.3","-13.9","-3.2","-0.3","($1.5)","2677"
"Mike Minor","Braves","-11.1","0.3"," ","1.8","5.5","5.5","-3.3","-0.3","($1.5)","10021"
"Charlie Culberson","Giants","-3.5","0.0","-0.5","0.7","0.1","-0.4","-3.3","-0.3","($1.5)","3298"
"Matt Garza","Cubs","-7.0","-0.5"," ","1.0","3.1","3.1","-3.3","-0.3","($1.6)","3340"
"Jeff Francis","Rockies","-7.7","-0.5"," ","1.2","3.5","3.5","-3.4","-0.4","($1.6)","4684"
"Ramon Santiago","Tigers","-14.2","-0.3","1.1","7.7","1.5","2.7","-3.4","-0.4","($1.6)","1417"
"Kevin Correia","Pirates","-9.9","-0.5"," ","1.6","5.0","5.0","-3.6","-0.4","($1.7)","1767"
"Ryan Wheeler","Diamondbacks","-4.6","-0.7","-2.3","3.5","0.2","-2.1","-3.6","-0.4","($1.7)","9312"
"Leonys Martin","Rangers","-2.9","0.5","-2.9","1.5","0.0","-2.9","-3.6","-0.4","($1.7)","11846"
"Chris Snyder","Astros","-10.4","-3.2","-3.5","7.6","5.1","1.6","-3.6","-0.4","($1.7)","4606"
"Homer Bailey","Reds","-12.8","-0.2"," ","2.2","6.9","6.9","-3.6","-0.4","($1.7)","8362"
"Domonic Brown","Phillies","-2.3","-2.2","-3.8","6.3","-2.3","-6.1","-3.6","-0.4","($1.7)","3154"
"Yamaico Navarro","Pirates","-4.9","-0.7","0.3","1.7","-0.2","0.1","-3.7","-0.4","($1.7)","5665"
"Blake DeWitt","Cubs","-4.7","0.1","-0.1","0.9","0.0","-0.1","-3.8","-0.4","($1.8)","7485"
"Erik Komatsu","- - -","-3.7","0.3","-1.7","1.7","-0.7","-2.3","-3.8","-0.4","($1.8)","8039"
"Blake Lalli","Cubs","-2.2","-1.1","-1.2","0.5","0.2","-1.0","-3.8","-0.4","($1.8)","9246"
"Chris Parmelee","Twins","-4.4","-0.6","-2.4","6.2","-3.2","-5.6","-3.8","-0.4","($1.8)","2554"
"Jesus Montero","Mariners","-6.2","-6.7","-4.8","16.3","-4.2","-9.0","-3.9","-0.4","($1.8)","5514"
"Gio Gonzalez","Nationals","-12.4","-0.7"," ","2.2","6.8","6.8","-3.9","-0.4","($1.8)","7448"
"James Loney","- - -","-16.7","-1.5","7.6","13.7","-8.4","-0.8","-3.9","-0.4","($1.9)","4556"
"Edinson Volquez","Padres","-11.4","-0.2"," ","1.8","5.6","5.6","-4.0","-0.4","($1.9)","3990"
"Mike Costanzo","Reds","-4.2","0.0","-0.3","0.6","-0.2","-0.5","-4.0","-0.4","($1.9)","3533"
"Ben Francisco","- - -","-4.4","-0.4","-2.7","6.1","-3.2","-5.9","-4.0","-0.4","($1.9)","4677"
"Willie Harris","Reds","-5.9","0.0","0.4","1.4","-0.1","0.3","-4.0","-0.4","($1.9)","236"
"Thomas Neal","Indians","-1.6","0.0","-2.9","0.7","-0.3","-3.2","-4.1","-0.4","($1.9)","9461"
"Trevor Cahill","Diamondbacks","-12.5","-0.6"," ","2.2","6.6","6.6","-4.1","-0.4","($1.9)","6249"
"Jose Lopez","- - -","-8.5","-2.2","-0.1","7.3","-1.3","-1.4","-4.1","-0.4","($1.9)","3114"
"Rod Barajas","Pirates","-13.0","-2.1","-7.8","10.7","7.1","-0.7","-4.1","-0.4","($1.9)","45"
"Conor Gillaspie","Giants","-2.6","0.0","-2.3","0.6","0.1","-2.2","-4.1","-0.4","($1.9)","9009"
"Jake Elmore","Diamondbacks","-6.0","-0.2","-1.0","2.2","0.7","-0.3","-4.1","-0.4","($2.0)","7290"
"Joe Blanton","- - -","-11.4","-0.9"," ","1.9","6.0","6.0","-4.2","-0.4","($2.0)","4849"
"Josh Johnson","Marlins","-10.5","-1.1"," ","1.8","5.5","5.5","-4.2","-0.4","($2.0)","4567"
"Justin Christian","Giants","-7.3","0.2","1.6","1.8","-0.8","0.9","-4.2","-0.4","($2.0)","8297"
"Brayan Pena","Royals","-12.2","-1.9","-0.3","6.7","2.8","2.5","-4.2","-0.4","($2.0)","3231"
"Jemile Weeks","Athletics","-15.7","0.9","-7.7","15.1","1.6","-6.1","-4.3","-0.4","($2.0)","2498"
"Chris Herrmann","Twins","-3.6","0.0","-1.3","0.6","0.0","-1.3","-4.3","-0.4","($2.0)","9284"
"Lance Lynn","Cardinals","-12.2","0.1"," ","1.9","5.7","5.7","-4.3","-0.5","($2.0)","2520"
"Kyle Lohse","Cardinals","-13.4","-0.7"," ","2.3","7.2","7.2","-4.4","-0.5","($2.1)","739"
"Michael Martinez","Phillies","-12.3","0.7","2.6","3.6","0.4","3.0","-4.5","-0.5","($2.1)","7358"
"Brett Hayes","Marlins","-11.4","-0.5","1.2","3.5","2.4","3.5","-4.6","-0.5","($2.2)","4293"
"A.J. Burnett","Pirates","-13.2","-0.1"," ","2.1","6.5","6.5","-4.6","-0.5","($2.2)","512"
"Paul Maholm","- - -","-12.6","-0.5"," ","2.0","6.2","6.2","-4.6","-0.5","($2.2)","8678"
"Luke Hughes","- - -","-4.0","0.2","-1.7","0.7","0.0","-1.6","-4.6","-0.5","($2.2)","4898"
"Aaron Harang","Dodgers","-12.4","-0.1"," ","1.9","5.7","5.7","-4.8","-0.5","($2.2)","1451"
"Tsuyoshi Nishioka","Twins","-3.0","0.0","-2.3","0.4","0.0","-2.2","-4.8","-0.5","($2.3)","11531"
"Brian Dozier","Twins","-14.6","-1.4","-3.6","10.0","3.8","0.1","-4.8","-0.5","($2.3)","9810"
"Justin Smoak","Mariners","-9.2","-4.5","1.4","15.8","-10.0","-8.6","-4.8","-0.5","($2.3)","9054"
"Mark DeRosa","Nationals","-5.2","0.5","-3.0","3.0","-0.5","-3.5","-4.9","-0.5","($2.3)","1392"
"Wandy Rodriguez","- - -","-13.4","-0.4"," ","2.1","6.5","6.5","-4.9","-0.5","($2.3)","2586"
"Jose Tabata","Pirates","-6.3","-3.4","-3.5","11.0","-3.8","-7.3","-4.9","-0.5","($2.3)","2411"
"Mike Olt","Rangers","-3.9","-0.2","-1.7","1.2","-0.5","-2.2","-4.9","-0.5","($2.3)","10698"
"Jason Bourgeois","Royals","-2.3","-1.5","-3.4","1.9","0.0","-3.4","-5.1","-0.5","($2.4)","2225"
"Ryan Flaherty","Orioles","-7.0","-1.6","-1.6","4.9","-0.4","-2.0","-5.1","-0.5","($2.4)","7888"
"Ross Detwiler","Nationals","-10.5","-0.7"," ","1.4","4.5","4.5","-5.2","-0.5","($2.4)","2859"
"Jason Bartlett","Padres","-8.1","-0.5","-1.0","2.9","1.2","0.2","-5.2","-0.5","($2.5)","8219"
"Josh Bell","Diamondbacks","-5.0","0.0","-2.3","1.7","0.2","-2.1","-5.3","-0.6","($2.5)","2510"
"Matt Downs","Astros","-7.6","-1.4","-1.3","5.6","-1.3","-2.6","-5.4","-0.6","($2.6)","957"
"Moises Sierra","Blue Jays","-4.7","-0.3","-3.5","4.6","-2.2","-5.6","-5.5","-0.6","($2.6)","6050"
"Eric Thames","- - -","-6.0","-0.2","-5.5","8.6","-3.4","-8.9","-5.6","-0.6","($2.6)","3711"
"Aaron Cunningham","Indians","-8.1","-1.2","1.4","3.2","-1.3","0.1","-5.6","-0.6","($2.6)","4087"
"Stephen Vogt","Rays","-5.6","-0.1","-0.4","0.8","-0.4","-0.8","-5.6","-0.6","($2.7)","5000"
"Nick Hundley","Padres","-19.0","-3.0","4.7","6.6","4.2","8.9","-5.7","-0.6","($2.7)","3376"
"Jordan Schafer","Astros","-15.6","0.9","-3.9","10.6","1.2","-2.7","-5.7","-0.6","($2.7)","9883"
"J.D. Martinez","Astros","-6.1","-2.8","-6.5","13.0","-4.8","-11.3","-6.0","-0.6","($2.8)","6184"
"Scott Cousins","Marlins","-9.5","0.1","0.5","2.7","-0.2","0.3","-6.1","-0.6","($2.9)","173"
"Tommy Hanson","Braves","-13.5","-0.2"," ","1.8","5.5","5.5","-6.1","-0.6","($2.9)","9129"
"Omar Vizquel","Blue Jays","-10.4","-2.9","1.0","4.8","0.7","1.7","-6.2","-0.7","($2.9)","411"
"Brent Morel","White Sox","-13.1","1.3","1.0","3.7","0.5","1.5","-6.3","-0.7","($3.0)","6402"
"Mike Nickeas","Mets","-9.6","-1.3","-2.0","3.6","2.6","0.7","-6.3","-0.7","($3.0)","7419"
"Johnny Cueto","Reds","-16.1","-0.8"," ","2.5","7.6","7.6","-6.6","-0.7","($3.1)","6893"
"Brent Lillibridge","- - -","-13.9","3.6","-3.2","6.2","0.1","-3.1","-6.6","-0.7","($3.1)","3501"
"Jeff Baker","- - -","-6.9","0.2","-4.4","5.9","-2.2","-6.6","-6.7","-0.7","($3.2)","2073"
"Matt Diaz","Braves","-4.9","-0.5","-4.0","3.5","-1.2","-5.2","-6.8","-0.7","($3.2)","1771"
"Mark Buehrle","Marlins","-15.8","0.2"," ","2.1","6.5","6.5","-6.9","-0.7","($3.2)","225"
"Xavier Nady","- - -","-9.3","1.1","-2.7","4.9","-1.6","-4.3","-7.2","-0.8","($3.4)","1658"
"Jack Wilson","Braves","-9.3","0.0","-1.2","2.3","0.8","-0.4","-7.2","-0.8","($3.4)","1017"
"Robert Andino","Orioles","-19.8","0.0","-3.3","12.7","1.8","-1.5","-7.2","-0.8","($3.4)","4900"
"Ramon Hernandez","Rockies","-13.2","-2.1","-1.8","5.8","3.4","1.6","-7.3","-0.8","($3.4)","918"
"Jimmy Paredes","Astros","-6.9","-0.1","-2.4","2.4","-0.6","-3.0","-7.3","-0.8","($3.5)","5481"
"Ty Wigginton","Phillies","-5.9","0.2","-9.6","10.6","-4.0","-13.6","-7.5","-0.8","($3.6)","1491"
"Don Kelly","Tigers","-8.0","1.4","-4.2","3.8","-1.5","-5.7","-8.1","-0.9","($3.8)","2216"
"Juan Rivera","Dodgers","-7.7","-1.5","-5.6","10.0","-4.5","-10.0","-8.2","-0.9","($3.9)","843"
"Steve Clevenger","Cubs","-14.6","-1.5","-2.4","6.4","3.2","0.9","-8.2","-0.9","($3.9)","9542"
"Johnny Giavotella","Royals","-10.2","1.1","-5.6","5.6","0.2","-5.4","-8.3","-0.9","($3.9)","6740"
"Emmanuel Burriss","Giants","-10.7","1.4","-4.6","4.4","0.6","-4.0","-8.4","-0.9","($4.0)","2917"
"Delmon Young","Tigers","-7.7","-3.0","-4.1","18.0","-13.9","-18.0","-8.9","-0.9","($4.2)","2140"
"Jason Bay","Mets","-13.0","1.6","-2.2","6.4","-2.4","-4.6","-9.1","-0.9","($4.3)","1717"
"Endy Chavez","Orioles","-13.1","0.1","0.2","5.0","-1.8","-1.6","-9.1","-1.0","($4.3)","768"
"Yuniesky Betancourt","Royals","-7.4","-1.7","-8.7","6.7","0.7","-8.0","-9.7","-1.0","($4.6)","8585"
"Marlon Byrd","- - -","-13.5","-1.6","-0.2","4.5","0.6","0.4","-9.8","-1.0","($4.6)","950"
"Ryan Howard","Phillies","-4.6","-5.7","-4.4","8.6","-5.1","-9.5","-10.2","-1.1","($4.8)","2154"
"Hideki Matsui","Rays","-9.6","0.1","-2.5","3.0","-1.7","-4.2","-10.3","-1.1","($4.9)","1659"
"Danny Valencia","- - -","-13.9","-0.6","-2.0","4.8","0.6","-1.4","-10.6","-1.1","($5.0)","6364"
"Miguel Cairo","Reds","-13.7","1.2","-2.0","4.6","-1.3","-3.2","-10.6","-1.1","($5.0)","1412"
"Chone Figgins","Mariners","-10.5","2.0","-7.1","5.7","-1.5","-8.6","-10.8","-1.1","($5.1)","1580"
"Matt McBride","Rockies","-7.3","-0.1","-5.1","2.4","-1.0","-6.0","-10.8","-1.1","($5.1)","9373"
"Tyler Pastornicky","Braves","-7.6","0.7","-12.0","5.6","1.7","-10.3","-11.1","-1.2","($5.2)","6777"
"Eric Hinske","Braves","-7.7","-1.6","-5.0","4.3","-1.7","-6.7","-11.2","-1.2","($5.3)","1305"
"Brian Roberts","Orioles","-7.7","-1.0","-5.2","2.2","0.3","-5.0","-11.3","-1.2","($5.3)","166"
"Greg Dobbs","Marlins","-7.0","-1.1","-12.7","10.1","-2.0","-14.7","-11.8","-1.2","($5.5)","2158"
"Wilson Valdez","Reds","-19.2","0.9","-2.1","6.1","1.6","-0.5","-12.0","-1.3","($5.7)","1863"
"Josh Vitters","Cubs","-12.5","-0.5","-3.6","3.2","0.3","-3.3","-12.8","-1.3","($6.0)","4623"
"Chris Coghlan","Marlins","-12.0","-0.4","-3.3","3.1","-0.5","-3.8","-12.8","-1.3","($6.1)","6878"
"Ryan Lavarnway","Red Sox","-15.9","-0.4","-2.4","4.9","0.0","-2.3","-13.2","-1.4","($6.2)","8879"
"Dee Gordon","Dodgers","-16.4","2.5","-13.4","9.7","3.4","-10.1","-13.3","-1.4","($6.3)","8203"
"Brennan Boesch","Tigers","-13.5","0.9","-11.8","14.9","-5.7","-17.5","-13.7","-1.4","($6.4)","914"
"Ryan Kalish","Red Sox","-7.0","0.2","-9.9","3.0","-0.3","-10.2","-13.7","-1.4","($6.5)","6962"
"Bryan Petersen","Marlins","-17.6","2.7","-6.3","8.1","-1.8","-8.1","-14.2","-1.5","($6.7)","2567"
"Casey Kotchman","Indians","-16.9","-3.1","-1.4","14.8","-9.3","-10.7","-14.4","-1.5","($6.8)","1930"
"Lucas Duda","Mets","1.2","-2.5","-22.9","13.6","-5.2","-28.0","-14.5","-1.5","($6.8)","2502"
"Ryan Raburn","Tigers","-18.7","0.0","-2.0","6.6","-1.1","-3.1","-14.6","-1.5","($6.9)","2218"
"Jeff Francoeur","Royals","-17.3","-4.6","-5.8","17.8","-6.7","-12.5","-14.7","-1.5","($6.9)","4792"
"Michael Young","Rangers","-15.7","-2.1","-8.4","19.2","-10.1","-18.6","-15.1","-1.6","($7.1)","1286"
"Eric Hosmer","Royals","-14.4","3.9","-14.4","17.7","-11.0","-25.4","-16.4","-1.7","($7.7)","3516"
"Joe Mather","Cubs","-14.1","-1.2","-9.2","7.2","-0.1","-9.4","-16.8","-1.8","($7.9)","3714"
